,Age,Gender,self_employed,family_history,treatment,work_interfere,no_employees,remote_work,tech_company,benefits,care_options,wellness_program,seek_help,anonymity,leave,mental_health_consequence,phys_health_consequence,coworkers,supervisor,mental_health_interview,phys_health_interview,mental_vs_physical,obs_consequence,age_range
0,0.4318181818181818,0,0,0,1,2,4,0,1,2,1,1,2,2,2,1,1,1,2,1,0,2,0,2
1,0.5909090909090909,1,0,0,0,3,5,0,0,0,0,0,0,0,0,0,1,0,0,1,1,0,0,2
2,0.3181818181818182,1,0,0,0,3,4,0,1,1,0,1,1,0,1,1,1,2,2,2,2,1,0,2
3,0.29545454545454547,1,0,1,1,2,2,0,1,1,2,1,1,1,1,2,2,1,0,0,0,1,1,2
4,0.29545454545454547,1,0,0,0,1,1,1,1,2,0,0,0,0,0,1,1,1,2,2,2,0,0,2
5,0.34090909090909094,1,0,1,0,4,4,0,1,2,1,1,0,0,0,1,1,2,2,1,0,0,0,2
6,0.38636363636363635,0,0,1,1,4,0,1,1,1,0,1,1,1,1,0,0,1,0,1,1,0,0,2
7,0.4772727272727273,1,0,0,0,1,0,1,1,1,2,1,1,2,0,1,1,0,0,1,1,1,0,2
8,0.5454545454545454,0,0,1,1,4,1,0,1,2,2,1,1,1,3,0,1,2,2,1,0,1,0,2
9,0.11363636363636365,1,0,0,0,1,2,0,1,0,0,0,0,0,0,1,1,2,2,0,0,2,0,1
10,0.29545454545454547,1,0,0,1,4,4,1,1,0,0,1,1,0,0,1,1,1,2,1,1,0,0,2
11,0.25,1,0,0,0,1,1,1,1,0,1,1,1,0,0,1,1,2,2,2,2,0,0,1
12,0.5454545454545454,0,0,1,1,4,2,0,0,2,2,1,1,0,1,2,2,2,2,0,0,1,1,2
13,0.4090909090909091,1,0,1,0,1,3,0,1,0,1,1,0,0,0,1,1,2,2,1,1,0,0,2
14,0.20454545454545456,1,0,0,0,1,4,0,1,0,1,0,0,0,2,1,1,1,1,0,2,2,0,1
15,0.25,0,0,1,1,3,2,0,1,2,1,1,1,0,2,1,1,2,1,0,0,0,0,1
16,0.11363636363636365,1,0,0,1,4,2,1,1,0,0,0,0,0,4,0,1,1,0,0,0,1,0,1
17,0.3181818181818182,1,0,0,1,4,4,0,1,2,2,1,0,0,0,0,1,1,2,1,1,1,0,2
18,0.6363636363636364,1,1,1,0,4,0,1,1,2,1,2,0,2,4,1,1,2,2,1,2,2,1,2
19,0.4090909090909091,1,1,1,0,0,4,1,1,1,0,2,1,2,2,1,1,1,1,0,0,0,0,2
20,0.25,1,0,1,1,4,1,0,1,2,2,1,1,1,1,0,1,1,1,1,1,1,0,1
21,0.29545454545454547,1,1,0,0,1,0,1,1,1,0,1,1,2,1,1,1,1,1,1,0,2,0,2
22,0.6363636363636364,1,0,0,1,2,2,1,1,2,2,1,1,0,0,0,1,1,2,1,0,1,0,2
23,0.5227272727272727,1,0,0,1,1,5,0,0,0,0,1,0,0,0,0,1,0,0,1,2,0,0,2
24,0.34090909090909094,1,0,1,1,3,2,0,1,2,1,0,2,2,0,1,1,2,2,1,2,0,0,2
25,0.38636363636363635,1,0,1,1,4,5,0,0,2,2,1,0,1,4,2,1,1,2,1,2,1,0,2
26,0.34090909090909094,1,0,0,0,0,0,0,1,0,1,1,0,0,0,0,0,1,0,1,1,0,0,2
27,0.38636363636363635,0,0,1,1,3,4,1,1,2,2,0,0,0,0,1,1,2,2,0,0,2,0,2
28,0.36363636363636365,1,0,0,1,4,2,1,1,0,1,1,0,0,1,1,1,1,0,1,1,1,0,2
29,0.4318181818181818,1,0,0,0,4,4,0,1,1,0,1,1,0,3,2,0,1,0,1,0,1,0,2
30,0.3181818181818182,1,0,0,0,1,4,1,1,1,0,1,1,0,0,2,2,1,1,1,0,1,0,2
31,0.29545454545454547,1,1,1,0,3,0,1,1,1,2,1,1,0,1,2,1,0,0,1,1,1,1,2
32,0.2727272727272727,1,0,1,1,4,3,1,1,0,0,1,1,2,2,0,1,1,2,1,2,0,0,1
33,0.5454545454545454,1,0,1,1,4,2,1,1,2,2,2,2,2,4,0,1,1,1,0,2,0,0,2
34,0.5,0,0,0,1,4,0,0,1,2,2,1,1,0,0,0,1,1,0,1,0,2,0,2
35,0.20454545454545456,1,0,0,1,3,4,0,1,1,2,1,1,0,4,1,1,2,2,0,0,0,0,1
36,0.25,1,0,0,0,3,0,0,1,1,0,1,1,0,4,2,0,1,0,1,1,0,0,1
37,0.4545454545454546,1,0,0,0,0,1,0,1,1,2,1,1,0,2,0,1,1,1,1,0,1,0,2
38,0.7272727272727273,1,0,0,0,0,1,0,1,2,2,1,0,0,0,1,1,1,2,1,0,0,0,2
39,0.38636363636363635,1,0,0,1,3,5,1,1,2,2,1,2,2,4,1,1,2,2,0,0,2,0,2
40,0.13636363636363635,1,0,0,1,4,4,0,1,1,0,1,1,0,0,0,0,1,0,1,2,1,1,1
41,0.38636363636363635,1,0,0,0,0,5,1,1,2,1,0,2,0,1,2,2,1,0,1,0,0,0,2
42,0.20454545454545456,1,0,1,1,4,0,0,1,1,2,1,1,2,3,0,1,1,0,1,1,2,0,1
43,0.0,1,0,0,0,2,4,0,1,1,1,1,1,0,1,2,0,0,1,1,1,1,0,0
44,0.2727272727272727,1,0,0,1,4,2,0,1,0,0,1,1,0,0,1,1,0,0,1,0,0,0,1
45,0.4545454545454546,0,0,1,1,4,2,0,1,2,2,1,2,2,2,1,1,1,2,1,1,2,0,2
46,0.2272727272727273,1,0,0,0,0,2,0,1,0,1,1,1,0,0,1,0,1,2,0,2,0,0,1
47,0.36363636363636365,1,0,0,0,0,4,0,1,1,0,1,1,0,0,1,1,2,2,0,2,0,0,2
48,0.18181818181818182,1,1,0,0,4,0,0,1,1,2,2,1,0,0,1,1,2,2,1,1,2,0,1
49,0.2727272727272727,1,0,1,1,3,2,0,1,2,0,1,0,0,0,0,1,1,2,1,1,0,0,1
50,0.09090909090909091,1,0,1,1,2,4,0,1,1,2,1,1,2,3,0,1,0,0,1,0,0,0,1
51,0.34090909090909094,1,0,0,0,0,1,1,1,0,1,0,0,0,0,1,1,1,2,0,0,0,0,2
52,0.29545454545454547,1,0,0,0,0,1,1,1,0,0,0,0,0,0,0,0,1,1,0,0,0,0,2
53,0.3181818181818182,1,0,0,0,1,0,1,1,0,1,1,1,0,0,0,1,1,2,1,1,0,0,2
54,0.2272727272727273,1,0,0,0,0,1,0,1,1,0,1,1,0,0,1,1,0,0,1,0,0,0,1
55,0.20454545454545456,1,0,1,1,3,2,0,1,2,2,1,1,2,0,0,1,0,0,1,1,0,0,1
56,0.3181818181818182,1,0,1,0,0,4,1,1,0,0,1,1,0,2,1,1,2,2,1,1,2,0,2
57,0.13636363636363635,1,0,1,1,4,2,1,1,0,0,1,1,0,0,1,0,1,2,2,2,1,0,1
58,0.18181818181818182,1,0,0,0,0,2,0,0,1,0,1,1,2,2,1,1,1,2,0,2,0,0,1
59,0.34090909090909094,1,0,1,1,2,4,1,1,0,0,1,1,1,1,2,1,0,0,1,0,0,0,2
60,0.5909090909090909,1,0,1,1,4,5,0,0,2,0,1,0,0,0,2,0,1,0,1,0,0,1,2
61,0.18181818181818182,0,0,0,1,4,2,1,1,0,1,2,2,2,4,1,1,2,2,0,2,2,0,1
62,0.20454545454545456,1,0,0,0,1,1,0,1,2,1,1,2,0,2,1,1,2,2,0,0,2,0,1
63,0.18181818181818182,1,0,0,0,0,2,0,1,1,0,1,1,0,4,2,1,0,0,1,1,1,1,1
64,0.38636363636363635,1,0,0,0,4,4,0,1,0,0,1,1,0,2,1,1,1,2,1,0,0,0,2
65,0.5,1,0,1,0,4,5,1,1,2,2,2,2,0,0,2,0,1,0,1,1,1,1,2
66,0.11363636363636365,0,0,1,1,2,0,1,1,1,1,1,1,0,4,1,1,1,2,1,0,2,0,1
67,0.4090909090909091,1,0,0,0,4,1,1,1,2,0,0,2,0,0,0,1,1,1,0,2,2,0,2
68,0.29545454545454547,0,0,0,0,0,2,1,0,0,0,0,0,0,0,0,1,1,0,1,0,0,0,2
69,0.36363636363636365,1,1,0,0,3,0,1,1,1,0,1,1,0,0,0,1,1,0,1,1,0,0,2
70,0.2272727272727273,1,0,0,0,1,2,0,1,1,0,1,1,0,0,0,1,1,1,1,1,0,0,1
71,0.36363636363636365,1,0,0,0,1,4,0,1,0,1,0,0,0,2,1,1,1,2,1,1,0,0,2
72,0.11363636363636365,2,0,0,0,3,5,0,1,2,2,1,1,2,1,0,1,2,2,1,1,1,0,1
73,0.4545454545454546,1,0,0,0,0,2,0,1,1,0,1,0,2,2,1,1,1,2,0,2,2,0,2
74,0.34090909090909094,1,0,0,0,1,5,0,1,0,1,2,0,0,0,0,1,1,1,1,0,2,0,2
75,0.022727272727272728,1,0,0,0,0,0,0,1,1,2,1,1,1,1,2,1,0,0,1,0,1,0,0
76,0.1590909090909091,1,0,0,0,0,5,1,1,2,2,2,2,0,0,1,1,2,2,0,2,2,0,1
77,0.29545454545454547,1,1,1,0,4,0,1,1,1,0,1,1,2,1,1,1,2,2,0,0,2,0,2
78,0.3181818181818182,1,0,1,1,4,2,1,1,1,0,1,1,0,1,2,1,1,0,1,2,1,0,2
79,0.2272727272727273,1,0,0,0,1,4,1,1,0,0,0,0,0,4,1,1,1,1,0,2,2,0,1
80,0.4545454545454546,1,0,1,0,4,1,1,1,2,2,1,2,0,0,1,1,2,1,0,0,2,0,2
81,0.11363636363636365,1,0,0,0,1,2,0,1,2,1,2,0,0,4,1,1,1,2,0,0,2,0,1
82,0.2727272727272727,1,0,0,0,1,2,0,0,1,0,1,1,0,0,1,1,1,2,1,1,1,0,1
83,0.20454545454545456,0,1,0,1,2,0,1,1,2,2,2,2,2,4,0,0,1,2,1,0,2,0,1
84,0.34090909090909094,1,0,1,0,1,5,0,1,1,0,1,1,0,0,2,1,0,0,1,0,1,0,2
85,0.29545454545454547,1,0,0,0,0,2,0,1,0,1,1,1,0,0,1,1,1,2,0,0,1,0,2
86,0.4772727272727273,1,1,0,1,2,4,0,1,1,0,1,1,0,3,0,1,1,0,1,0,1,1,2
87,0.36363636363636365,0,0,1,1,3,3,1,1,2,1,1,0,0,0,2,0,1,1,1,1,0,0,2
88,0.25,0,0,0,1,4,2,0,1,2,2,1,1,0,0,0,1,1,1,1,0,1,1,1
89,0.3181818181818182,1,0,0,0,0,3,0,1,0,0,1,0,0,0,1,1,1,1,1,1,0,0,2
90,0.29545454545454547,1,0,0,0,1,3,0,1,2,2,2,2,2,2,1,1,1,2,1,1,2,0,2
91,0.5,1,0,0,1,4,2,0,1,1,2,1,1,2,3,1,1,2,2,2,2,1,0,2
92,0.36363636363636365,1,0,0,0,0,2,0,1,0,0,1,1,0,2,0,1,1,0,1,0,0,0,2
93,0.0,2,0,0,0,0,2,1,1,2,2,1,1,2,2,1,1,2,2,2,2,0,0,0
94,0.1590909090909091,0,0,0,1,4,2,0,1,2,2,1,0,0,0,0,1,1,2,1,0,0,0,1
95,0.25,1,0,0,0,1,2,0,1,0,0,1,0,0,0,1,1,2,2,0,0,1,0,1
96,0.13636363636363635,1,0,1,0,3,2,0,1,0,1,1,0,0,2,0,0,1,0,1,0,0,0,1
97,0.29545454545454547,1,0,1,1,4,4,0,1,0,0,1,1,0,0,1,1,1,2,0,2,1,0,2
98,0.34090909090909094,1,0,0,1,4,4,0,1,1,2,1,1,0,2,0,1,1,0,1,0,1,0,2
99,0.2727272727272727,1,0,0,1,2,0,0,1,1,2,1,1,2,2,1,1,2,2,0,0,2,0,1
100,0.18181818181818182,0,0,1,1,4,2,0,0,1,2,1,1,1,3,2,1,0,0,1,0,1,1,1
101,0.5909090909090909,0,0,0,0,1,1,0,1,2,1,0,0,0,0,0,0,0,1,1,1,0,0,2
102,0.1590909090909091,1,0,1,0,0,2,0,1,0,0,0,0,0,4,1,1,1,2,1,1,0,0,1
103,0.34090909090909094,1,0,1,1,4,2,1,1,2,2,2,2,2,2,1,1,1,2,0,0,2,0,2
104,0.25,1,0,0,0,1,5,0,1,2,1,2,0,0,2,1,1,1,2,1,1,0,0,1
105,0.38636363636363635,1,0,1,0,3,4,0,1,2,1,1,1,2,2,1,1,1,2,1,1,0,0,2
106,0.38636363636363635,1,0,1,1,4,2,1,1,0,1,1,1,0,2,1,1,1,2,1,0,1,0,2
107,0.2272727272727273,1,0,1,1,3,4,0,1,1,0,1,1,1,0,0,1,2,2,1,1,0,1,1
108,0.36363636363636365,1,0,1,0,1,4,1,1,2,0,1,1,0,0,0,1,0,0,1,1,0,0,2
109,0.3181818181818182,1,0,0,1,4,2,0,1,2,0,2,2,2,1,0,1,1,2,1,0,2,0,2
110,0.09090909090909091,1,0,0,1,4,3,0,1,2,2,1,0,2,0,2,1,0,0,1,2,1,0,1
111,0.2272727272727273,1,0,0,1,4,2,0,1,2,2,2,2,2,2,1,1,1,1,1,0,2,0,1
112,0.6136363636363636,1,0,1,1,3,4,1,1,2,2,1,2,2,4,1,1,2,2,2,2,2,0,2
113,0.3181818181818182,1,0,0,0,1,1,0,1,2,2,1,0,0,0,0,1,1,1,1,1,0,0,2
114,0.2272727272727273,1,0,0,0,0,5,0,1,0,0,1,0,0,0,0,1,1,0,1,0,0,0,1
115,0.18181818181818182,1,0,0,0,1,4,0,1,0,0,1,0,0,4,1,1,1,1,1,1,0,1,1
116,0.06818181818181818,1,1,0,0,2,0,1,0,1,2,1,1,2,3,2,1,1,2,1,0,1,0,1
117,0.20454545454545456,1,0,0,0,3,4,0,0,2,2,2,2,2,4,0,1,1,2,1,1,0,0,1
118,0.0,1,0,0,1,3,0,1,1,1,0,1,1,2,4,1,1,1,0,1,1,0,0,0
119,0.38636363636363635,1,0,0,0,0,2,1,1,0,1,1,0,0,0,1,1,1,2,0,0,0,0,2
120,0.25,1,0,0,0,1,5,0,1,2,2,1,2,0,0,2,2,0,0,1,1,0,0,1
121,0.1590909090909091,1,0,0,0,0,2,1,1,0,0,1,1,0,4,1,1,1,2,1,1,0,0,1
122,0.34090909090909094,1,0,1,1,4,4,1,1,0,0,0,0,2,4,1,1,2,2,1,0,2,0,2
123,0.4090909090909091,1,0,0,0,2,4,0,1,2,0,1,1,2,0,0,1,0,0,1,1,0,0,2
124,0.20454545454545456,1,0,0,1,1,1,0,0,2,1,1,1,0,3,0,1,1,2,1,0,1,1,1
125,0.20454545454545456,1,0,1,0,1,3,0,1,2,0,2,2,2,0,2,1,1,0,1,2,0,0,1
126,0.20454545454545456,1,0,0,0,0,4,0,1,1,0,1,1,0,0,1,1,1,1,1,1,0,0,1
127,0.3181818181818182,1,0,0,1,3,1,0,1,2,2,1,2,2,0,2,1,0,2,1,1,0,0,2
128,0.29545454545454547,1,0,1,0,4,4,0,1,1,0,1,1,0,2,0,0,0,0,1,1,2,0,2
129,0.022727272727272728,1,0,0,1,4,4,0,1,0,0,1,1,0,2,2,2,1,0,1,1,0,0,0
130,0.34090909090909094,1,0,1,1,4,5,0,1,2,2,1,1,0,4,0,1,2,1,1,2,1,0,2
131,0.3181818181818182,1,0,0,0,3,0,1,1,1,2,1,1,0,3,0,1,2,1,1,2,0,0,2
132,0.20454545454545456,1,0,0,0,1,2,0,1,0,1,0,0,0,0,1,1,2,2,0,0,0,0,1
133,0.4545454545454546,1,0,0,0,0,2,1,1,1,2,1,1,2,2,1,1,2,2,0,2,1,0,2
134,0.13636363636363635,1,0,0,1,1,2,0,1,0,0,1,1,0,0,1,1,1,2,0,2,0,0,1
135,0.4772727272727273,1,0,0,0,1,2,0,0,1,0,1,1,0,0,2,0,0,0,1,1,0,0,2
136,0.2272727272727273,1,0,0,0,1,4,0,1,0,0,1,1,2,4,1,1,1,2,0,0,2,0,1
137,0.4772727272727273,1,0,0,1,2,5,0,1,2,1,1,1,0,2,1,1,2,2,1,1,0,0,2
138,0.25,0,0,0,0,0,4,0,1,0,0,1,0,0,2,0,1,1,0,1,1,0,0,1
139,0.09090909090909091,1,0,0,0,0,4,1,1,0,0,0,1,0,2,1,1,1,1,1,1,0,0,1
140,0.4545454545454546,1,0,1,1,4,1,0,1,0,0,0,0,0,0,0,1,1,2,1,1,0,0,2
141,0.4318181818181818,1,1,0,1,4,5,0,0,1,2,2,2,2,3,2,2,1,0,1,0,2,0,2
142,0.38636363636363635,1,0,0,0,1,2,1,0,0,1,0,0,0,0,2,1,1,0,1,0,0,0,2
143,0.29545454545454547,1,0,0,0,0,5,1,0,2,0,0,2,0,0,1,1,1,2,1,1,0,0,2
144,0.2727272727272727,0,0,1,0,0,5,1,1,0,1,1,0,0,0,0,0,1,1,1,0,0,0,1
145,0.4318181818181818,1,0,1,1,3,1,0,0,2,2,2,2,0,2,0,0,1,2,0,0,0,0,2
146,0.13636363636363635,1,0,0,0,1,4,0,1,1,0,1,1,2,0,0,0,0,1,1,1,0,0,1
147,0.11363636363636365,1,0,0,0,4,4,0,0,1,0,1,1,1,2,2,2,0,0,1,1,1,0,1
148,0.2727272727272727,1,0,0,1,3,1,0,1,1,2,2,2,0,2,2,1,1,0,1,1,1,1,1
149,0.25,0,0,0,0,0,1,1,1,0,1,1,0,0,0,0,1,0,1,1,0,0,0,1
150,0.022727272727272728,1,1,1,0,0,0,1,1,0,1,1,2,2,2,0,1,1,1,0,0,0,0,0
151,0.3181818181818182,1,0,1,0,1,2,0,1,0,1,1,1,0,4,1,1,1,1,1,0,1,0,2
152,0.2272727272727273,1,0,0,0,3,4,1,1,1,0,1,1,0,0,1,1,2,2,0,2,2,0,1
153,0.4090909090909091,1,0,0,0,1,4,0,1,0,1,0,0,0,0,1,1,1,1,0,0,0,0,2
154,0.4318181818181818,1,0,1,1,3,5,0,0,2,2,2,2,2,1,2,0,1,0,1,2,1,1,2
155,0.1590909090909091,1,0,1,1,4,2,0,0,0,0,1,0,0,1,0,1,1,1,1,0,1,0,1
156,0.20454545454545456,1,0,1,1,4,5,0,1,0,0,1,0,0,0,1,1,0,1,1,0,0,0,1
157,0.18181818181818182,1,0,0,0,2,2,0,0,0,1,1,1,0,0,2,0,1,2,1,0,1,0,1
158,0.20454545454545456,1,0,0,1,3,2,1,1,1,2,1,1,0,1,0,1,1,2,1,1,0,1,1
159,0.1590909090909091,1,0,1,1,4,2,0,1,0,1,1,1,0,4,0,1,1,0,1,1,0,1,1
160,0.4090909090909091,1,0,0,1,4,5,0,0,2,2,2,2,2,2,0,0,1,1,1,0,0,1,2
161,0.1590909090909091,0,0,1,1,4,3,0,1,2,0,1,1,0,0,2,2,1,1,1,1,0,0,1
162,0.29545454545454547,1,0,0,0,1,5,0,1,2,0,1,2,0,0,1,1,1,1,1,1,0,0,2
163,0.18181818181818182,1,0,1,0,3,4,0,1,0,0,1,1,0,0,0,1,1,2,1,1,0,0,1
164,0.34090909090909094,0,1,1,1,4,0,0,1,1,2,2,2,2,3,1,1,1,2,1,2,2,0,2
165,0.20454545454545456,0,1,1,0,0,0,1,1,1,2,1,1,2,2,1,1,2,2,1,0,2,0,1
166,0.36363636363636365,1,0,0,0,1,2,0,1,1,0,1,1,0,4,0,1,1,1,1,0,0,0,2
167,0.5454545454545454,1,0,0,0,0,4,0,1,1,2,1,1,0,3,0,1,2,2,1,0,1,0,2
168,0.11363636363636365,1,1,1,0,4,0,0,1,1,0,1,1,0,3,2,1,0,0,1,0,1,0,1
169,0.13636363636363635,1,0,0,0,3,1,0,1,0,1,2,0,0,4,0,0,1,1,1,0,0,0,1
170,0.18181818181818182,1,0,0,1,4,5,0,1,2,2,0,0,2,2,1,1,2,2,1,1,0,0,1
171,0.29545454545454547,1,1,0,1,2,4,0,1,0,0,1,1,0,0,0,1,1,2,1,0,0,0,2
172,0.09090909090909091,1,0,0,1,1,5,0,1,0,1,1,1,0,3,2,0,0,0,0,0,1,0,1
173,0.11363636363636365,0,0,0,0,0,4,0,1,0,0,1,0,0,0,0,0,1,2,1,0,2,0,1
174,0.36363636363636365,0,0,1,1,4,5,0,0,2,2,2,1,0,2,1,1,1,2,1,1,1,0,2
175,0.29545454545454547,1,0,0,0,1,2,0,1,0,1,1,0,0,0,0,1,0,1,1,0,0,0,2
176,0.2272727272727273,1,0,0,0,0,1,0,0,1,1,1,2,2,2,1,1,1,1,0,0,2,0,1
177,0.3181818181818182,0,0,0,1,2,4,1,1,2,1,0,0,2,4,1,1,2,2,1,1,2,1,2
178,0.6136363636363636,0,0,0,1,4,0,0,1,2,0,1,1,2,1,1,1,2,2,1,1,2,0,2
179,0.34090909090909094,1,0,0,0,0,4,1,1,0,0,1,1,0,4,1,1,2,2,1,0,0,0,2
180,0.25,1,0,0,0,1,4,1,1,1,0,1,1,1,0,0,0,0,2,0,2,1,0,1
181,0.18181818181818182,0,1,0,0,4,4,0,0,1,0,1,1,0,2,0,0,1,1,1,1,0,0,1
182,0.2272727272727273,0,0,0,0,1,2,0,1,0,0,1,0,2,2,1,1,2,2,0,0,0,0,1
183,0.6136363636363636,1,0,0,1,4,5,0,1,0,1,0,0,0,0,2,2,1,1,1,1,0,0,2
184,0.5681818181818182,1,0,1,1,2,5,1,1,2,1,1,0,0,3,2,0,0,0,1,1,1,0,2
185,0.4318181818181818,1,0,0,0,0,3,1,1,2,0,1,1,0,0,2,1,1,0,0,2,1,0,2
186,0.13636363636363635,1,0,0,0,4,4,0,1,0,0,1,0,0,2,0,1,1,2,0,2,2,0,1
187,0.18181818181818182,1,0,0,0,0,4,1,1,1,2,1,1,0,2,1,1,1,0,1,0,2,0,1
188,0.11363636363636365,1,0,1,0,0,0,1,1,0,0,1,1,0,0,1,1,1,2,0,2,0,0,1
189,0.38636363636363635,0,0,1,1,1,5,0,1,2,1,0,1,2,2,0,1,0,0,1,1,0,0,2
190,0.4545454545454546,0,1,1,1,2,0,1,1,1,2,1,1,2,2,0,0,1,1,1,0,0,1,2
191,0.2272727272727273,1,0,1,1,4,2,0,1,2,0,1,1,0,2,0,0,1,0,1,0,1,0,1
192,0.2272727272727273,1,0,0,0,4,2,0,1,1,0,1,1,0,0,2,0,0,0,1,0,0,0,1
193,0.38636363636363635,1,0,0,1,3,4,0,1,1,0,1,1,2,0,1,1,1,2,1,1,0,0,2
194,0.3181818181818182,0,0,0,0,4,1,0,1,1,0,1,1,0,3,2,2,1,0,1,1,1,1,2
195,0.29545454545454547,1,1,1,0,1,4,0,1,1,0,1,1,0,2,0,0,1,1,1,0,0,0,2
196,0.38636363636363635,0,0,0,0,1,3,1,1,0,1,1,1,0,0,0,0,1,0,1,1,0,0,2
197,0.18181818181818182,1,0,0,0,3,5,0,1,2,0,1,1,2,2,1,1,1,2,1,0,1,0,1
198,0.20454545454545456,1,0,1,0,0,4,1,1,2,2,1,1,0,2,0,0,1,1,1,0,2,0,1
199,0.2272727272727273,1,0,1,1,4,5,0,1,0,0,1,1,0,0,0,0,1,0,1,0,0,0,1
200,0.20454545454545456,0,0,1,1,4,2,0,1,2,0,1,1,0,4,1,1,1,1,1,1,2,0,1
201,0.36363636363636365,0,0,0,1,4,3,0,0,2,2,2,2,2,2,0,1,1,2,1,1,2,0,2
202,0.5227272727272727,1,0,0,1,2,4,1,1,1,1,1,1,0,3,0,0,1,1,0,0,0,0,2
203,0.4318181818181818,1,0,0,0,4,0,0,1,1,2,1,1,0,3,2,1,0,0,1,2,0,0,2
204,0.36363636363636365,1,0,1,0,0,1,1,1,0,0,0,0,0,4,1,1,2,2,1,1,2,0,2
205,0.3181818181818182,1,0,1,1,4,1,1,1,0,1,1,1,0,1,2,0,0,0,1,1,1,1,2
206,0.06818181818181818,1,0,0,1,4,4,1,1,1,2,1,1,0,1,1,1,1,1,0,0,2,0,1
207,0.2727272727272727,1,0,0,1,2,2,0,1,1,2,1,1,2,2,0,1,2,2,1,0,0,0,1
208,0.13636363636363635,1,0,0,0,1,2,0,1,0,1,1,0,0,0,1,1,1,2,1,1,0,0,1
209,0.18181818181818182,1,0,0,0,0,1,0,1,1,0,1,1,1,4,2,0,0,0,1,0,0,0,1
210,0.5,0,0,0,0,0,2,0,1,2,2,2,2,2,2,1,1,1,2,1,1,2,0,2
211,0.4318181818181818,1,0,1,0,4,2,0,0,1,0,1,1,0,0,2,0,1,2,1,0,0,0,2
212,0.18181818181818182,1,1,0,1,2,0,1,1,1,0,1,1,0,0,2,1,0,0,1,0,0,0,1
213,0.3181818181818182,0,0,1,1,4,4,0,1,0,0,1,1,1,0,2,0,1,1,1,0,1,1,2
214,0.3181818181818182,0,0,0,1,4,1,0,0,2,2,0,0,2,4,1,1,2,2,1,2,2,0,2
215,0.20454545454545456,0,1,1,1,4,0,1,1,1,0,0,0,0,3,1,1,1,0,1,1,0,0,1
216,0.2727272727272727,1,1,0,1,2,4,1,1,2,2,1,1,2,3,1,1,1,2,0,2,2,0,1
217,0.29545454545454547,1,1,0,0,0,4,0,1,2,2,1,0,2,4,1,1,1,1,1,1,2,0,2
218,0.25,0,0,0,1,1,3,0,0,2,0,1,0,0,1,0,1,1,0,1,1,0,0,1
219,0.5227272727272727,1,0,0,0,0,2,0,1,2,1,1,1,0,4,2,1,0,1,1,1,0,0,2
220,0.36363636363636365,0,0,0,0,0,4,0,1,2,0,1,1,0,2,1,1,2,2,0,0,2,0,2
221,0.34090909090909094,1,0,0,0,0,2,0,1,0,0,1,1,0,0,1,1,2,2,2,2,0,0,2
222,0.2272727272727273,1,0,0,0,3,4,0,1,0,0,1,1,0,0,1,1,1,1,1,0,0,0,1
223,0.2272727272727273,1,0,0,1,4,5,0,1,1,2,1,1,2,3,2,1,0,1,1,1,1,0,1
224,0.11363636363636365,1,0,0,0,1,2,0,1,0,1,0,0,0,0,1,1,0,2,1,2,2,0,1
225,0.13636363636363635,1,0,0,0,0,0,0,1,0,0,0,1,2,4,1,1,2,2,0,2,2,0,1
226,0.3181818181818182,1,0,0,0,3,0,1,1,1,2,1,1,0,3,1,1,1,2,1,0,2,0,2
227,0.36363636363636365,1,1,0,0,4,0,1,1,0,1,2,2,0,1,2,2,0,0,1,0,2,0,2
228,0.13636363636363635,1,0,0,0,1,4,0,1,2,1,1,0,0,4,0,1,1,0,0,0,2,0,1
229,0.18181818181818182,1,1,0,1,4,0,0,1,1,2,1,1,0,0,0,1,1,1,1,0,2,0,1
230,0.4090909090909091,1,0,0,1,4,2,0,1,2,0,1,2,0,0,0,1,1,1,1,0,0,1,2
231,0.5227272727272727,1,0,0,1,3,3,1,1,2,2,1,0,0,0,0,0,1,0,0,0,1,0,2
232,0.4545454545454546,1,0,0,1,4,5,0,0,0,1,0,0,0,3,2,1,0,0,1,0,1,0,2
233,0.4545454545454546,1,0,0,0,4,2,1,1,0,1,1,0,0,0,0,0,1,2,1,0,1,0,2
234,0.2727272727272727,1,0,0,0,0,2,0,1,0,0,0,0,2,2,1,1,1,1,1,1,2,0,1
235,0.1590909090909091,1,0,0,0,1,2,0,1,1,0,1,1,0,1,2,0,0,0,1,0,1,0,1
236,0.4318181818181818,1,0,1,1,2,2,0,1,2,2,1,0,0,0,0,1,1,1,1,2,0,0,2
237,0.36363636363636365,1,0,1,0,0,4,0,1,1,0,1,1,2,1,1,1,1,2,1,2,1,1,2
238,0.4318181818181818,0,0,1,1,4,5,0,0,2,2,2,2,2,2,1,1,1,1,1,0,2,0,2
239,0.2272727272727273,0,0,1,1,4,4,0,0,2,2,2,2,2,0,1,1,1,2,1,1,1,1,1
240,0.09090909090909091,1,0,0,0,0,4,0,1,0,0,1,1,0,0,1,1,1,2,0,0,1,0,1
241,0.36363636363636365,1,0,1,1,4,0,0,1,1,0,1,1,0,1,0,1,1,1,1,0,1,1,2
242,0.34090909090909094,1,0,1,1,4,2,0,1,2,2,2,2,2,2,1,1,1,2,1,1,0,0,2
243,0.1590909090909091,1,0,0,0,0,4,0,1,1,0,1,1,2,1,0,1,1,2,1,2,1,0,1
244,0.20454545454545456,1,0,0,0,1,5,1,1,2,2,0,0,2,2,1,1,1,2,0,0,2,0,1
245,0.5,1,0,0,1,4,5,1,1,2,2,2,2,2,0,2,0,0,0,1,0,1,1,2
246,0.06818181818181818,1,0,0,1,2,4,0,0,0,0,1,0,0,0,0,1,0,0,1,0,0,0,1
247,0.25,1,0,0,0,0,4,0,0,1,0,1,1,2,4,1,1,2,2,0,2,2,0,1
248,0.3181818181818182,1,0,1,1,4,0,1,1,1,0,1,1,0,0,0,1,2,2,1,2,0,0,2
249,0.25,0,0,1,1,3,3,1,0,2,2,2,0,2,0,0,1,1,0,0,2,0,0,1
250,0.11363636363636365,1,0,1,1,4,2,1,0,0,0,1,0,2,2,0,1,1,1,1,2,2,0,1
251,0.2272727272727273,1,0,1,0,0,1,0,1,2,0,1,0,2,2,1,1,1,2,1,0,2,1,1
252,0.29545454545454547,1,0,1,1,3,1,1,1,2,2,2,0,2,4,1,1,1,2,1,0,2,0,2
253,0.20454545454545456,1,0,0,0,0,1,0,0,0,1,0,0,1,4,0,0,2,2,1,1,0,0,1
254,0.13636363636363635,1,0,0,0,4,4,0,1,0,0,0,0,0,0,1,1,2,2,0,0,0,0,1
255,0.25,1,0,0,0,2,4,0,1,1,0,1,1,0,1,2,1,0,0,1,0,0,0,1
256,0.11363636363636365,0,0,0,1,4,4,0,1,0,1,0,0,0,0,0,0,1,1,1,0,2,0,1
257,0.5454545454545454,1,0,0,0,1,4,1,1,1,2,1,2,0,2,1,1,1,2,1,1,2,0,2
258,0.13636363636363635,1,0,0,0,0,0,0,1,1,0,1,1,0,0,2,1,1,1,1,2,1,0,1
259,0.1590909090909091,1,0,1,1,2,4,0,1,1,2,1,1,1,3,2,0,0,0,1,2,1,1,1
260,0.20454545454545456,0,0,0,1,3,4,0,1,2,0,1,1,2,0,0,0,2,0,1,0,0,0,1
261,0.20454545454545456,1,0,0,0,4,4,1,1,1,2,1,1,1,3,2,2,1,1,1,0,1,0,1
262,0.2727272727272727,1,0,0,1,4,1,1,1,2,2,1,2,2,0,1,1,2,2,0,1,2,0,1
263,0.25,1,0,1,1,3,4,0,1,1,2,1,1,2,3,0,1,1,1,1,2,1,0,1
264,0.5681818181818182,1,1,0,0,0,4,1,1,1,1,1,1,0,2,0,1,2,2,2,2,0,0,2
265,0.3181818181818182,1,0,0,0,0,4,0,1,1,2,1,0,0,4,1,1,1,2,1,0,0,0,2
266,0.5227272727272727,1,0,0,1,4,2,1,1,2,2,0,1,0,4,1,1,2,2,2,2,2,0,2
267,0.3181818181818182,1,1,1,1,4,0,1,1,0,1,0,0,0,4,0,0,2,1,0,0,0,1,2
268,0.4318181818181818,0,0,1,1,2,2,0,1,2,2,1,1,2,0,0,1,1,1,1,2,0,0,2
269,0.3181818181818182,1,0,0,0,1,4,1,1,1,0,1,1,0,4,1,1,2,2,1,1,0,0,2
270,0.2727272727272727,1,1,0,0,4,0,1,1,1,0,1,1,0,1,1,1,1,1,1,0,1,0,1
271,0.11363636363636365,0,0,1,1,1,1,0,0,2,0,0,0,2,0,1,1,1,2,0,0,2,0,1
272,0.2727272727272727,1,0,0,0,0,5,0,1,2,2,2,2,2,4,1,1,1,2,1,1,2,0,1
273,0.36363636363636365,1,0,0,0,4,2,0,1,1,2,1,1,0,2,0,0,2,1,1,1,0,0,2
274,0.4545454545454546,1,0,0,1,3,2,1,1,2,0,1,1,0,0,2,1,0,0,1,0,1,0,2
275,0.34090909090909094,1,0,0,0,0,1,0,1,2,0,2,2,2,0,1,1,1,2,1,1,0,0,2
276,0.36363636363636365,1,0,0,0,0,2,0,0,2,0,1,1,0,0,0,1,1,0,1,1,0,0,2
277,0.2272727272727273,1,0,0,0,4,4,0,1,1,2,1,1,0,2,0,0,0,1,1,1,0,0,1
278,0.2272727272727273,1,0,0,1,3,1,0,0,2,2,2,0,0,4,0,1,1,1,1,1,2,0,1
279,0.11363636363636365,1,0,1,0,4,1,0,1,0,0,1,0,0,0,0,1,1,0,1,0,1,0,1
280,0.09090909090909091,1,1,1,1,4,4,1,1,0,1,2,2,0,2,0,1,1,2,1,2,1,1,1
281,0.20454545454545456,1,0,0,0,1,4,0,1,1,0,1,1,2,0,2,1,0,0,1,0,0,0,1
282,0.0,1,0,0,1,4,4,0,1,0,0,1,0,0,0,2,1,0,0,1,0,0,0,0
283,0.38636363636363635,1,0,1,1,4,2,0,1,2,2,1,1,2,1,2,1,0,1,1,0,0,0,2
284,0.1590909090909091,1,0,0,0,0,1,0,0,0,1,1,1,0,0,1,1,1,1,1,2,1,0,1
285,0.20454545454545456,1,0,1,1,4,4,0,1,1,0,1,1,2,2,0,0,2,2,2,2,2,0,1
286,0.18181818181818182,0,0,1,1,3,5,0,1,2,1,0,0,0,0,0,1,1,1,1,1,0,0,1
287,0.0,1,0,0,0,1,2,0,1,0,1,0,0,0,4,1,1,1,1,1,0,2,0,0
288,0.4545454545454546,0,0,0,1,4,0,0,1,1,2,1,1,0,0,1,0,1,0,1,1,0,1,2
289,0.18181818181818182,0,0,1,1,3,5,1,1,2,2,2,0,0,2,0,1,1,0,1,1,0,0,1
290,0.2727272727272727,1,1,0,0,1,0,0,1,1,0,1,1,1,2,1,1,2,2,1,1,2,0,1
291,0.38636363636363635,1,0,0,0,1,5,0,1,0,0,1,0,0,0,2,0,1,1,1,1,0,0,2
292,0.6136363636363636,1,0,1,1,4,5,0,1,2,2,0,0,2,0,0,1,1,1,1,0,0,0,2
293,0.3181818181818182,1,0,0,0,1,5,0,1,2,0,1,0,0,0,0,1,1,1,1,1,0,0,2
294,0.8409090909090909,1,0,0,1,1,5,0,1,2,1,0,0,0,0,1,0,2,1,1,0,0,0,2
295,0.13636363636363635,0,0,0,0,0,3,0,1,0,1,1,0,0,0,0,0,1,0,1,0,1,0,1
296,0.2727272727272727,0,0,1,1,4,2,0,1,2,2,2,0,0,4,1,1,2,2,1,2,2,0,1
297,0.9090909090909092,1,0,0,0,0,5,0,1,2,0,0,2,0,0,1,1,1,2,0,0,2,0,2
298,0.34090909090909094,1,0,1,1,4,5,0,1,2,0,2,2,0,0,2,1,0,0,1,0,0,0,2
299,0.4318181818181818,1,0,0,0,1,5,0,1,2,2,2,2,0,0,1,1,1,2,0,0,0,0,2
300,0.11363636363636365,0,0,0,1,4,5,0,1,2,2,2,2,0,0,1,1,1,1,1,1,2,0,1
301,0.29545454545454547,0,0,0,1,4,5,0,1,2,1,0,0,2,2,1,1,2,2,1,1,2,0,2
302,0.18181818181818182,1,0,0,0,3,1,0,1,2,1,1,0,0,0,1,1,1,2,1,0,0,0,1
303,0.2272727272727273,0,0,1,1,2,1,1,0,2,2,2,2,2,2,2,1,1,2,1,1,2,0,1
304,0.4318181818181818,0,0,0,1,3,5,0,1,2,2,0,2,0,2,1,1,1,2,1,1,2,0,2
305,0.18181818181818182,1,0,1,1,2,4,0,1,2,0,1,0,0,0,0,1,1,1,0,0,2,0,1
306,0.2727272727272727,2,0,1,1,3,2,0,1,2,1,1,1,0,2,0,1,1,2,1,1,0,0,1
307,0.18181818181818182,1,0,0,0,0,2,0,1,1,0,1,1,0,0,1,1,1,1,1,1,0,1,1
308,0.1590909090909091,1,0,0,0,0,2,1,1,0,1,1,0,0,0,1,1,1,2,1,1,0,0,1
309,0.20454545454545456,1,0,0,0,4,1,0,1,2,1,2,2,0,0,0,1,1,2,1,0,0,0,1
310,0.1590909090909091,1,0,0,1,2,4,1,0,0,0,1,0,0,1,2,0,0,0,1,0,0,0,1
311,0.38636363636363635,1,0,0,1,3,1,0,1,2,1,0,2,0,0,1,1,1,2,1,1,0,0,2
312,0.4090909090909091,1,1,0,1,1,0,0,1,1,2,1,1,0,2,0,1,1,2,1,1,2,0,2
313,0.18181818181818182,1,0,1,1,4,5,0,1,2,1,1,0,0,0,2,1,0,0,1,1,1,0,1
314,0.20454545454545456,1,0,1,0,0,5,0,1,0,0,0,0,0,4,1,1,2,2,0,0,2,0,1
315,0.2727272727272727,1,0,0,0,0,4,0,0,0,1,1,0,0,0,0,0,1,1,1,1,0,0,1
316,0.25,1,0,0,0,0,1,0,0,0,1,1,0,0,0,0,1,0,0,1,0,0,0,1
317,0.1590909090909091,1,0,0,0,1,5,0,0,2,2,2,2,2,4,1,1,1,2,0,0,2,0,1
318,0.09090909090909091,0,0,1,1,2,5,0,1,2,2,2,2,2,2,0,1,0,1,1,1,2,1,1
319,0.25,1,0,0,0,0,2,0,1,1,2,1,1,0,2,0,0,1,1,1,1,0,0,1
320,0.5227272727272727,1,0,1,1,3,1,1,1,2,2,0,2,2,2,1,1,1,2,0,0,2,0,2
321,0.25,1,0,0,1,4,5,0,1,2,0,1,0,0,0,2,1,1,1,1,0,1,0,1
322,0.3181818181818182,1,0,0,0,1,3,0,1,2,1,0,2,2,2,1,1,1,2,0,0,2,0,2
323,0.13636363636363635,0,0,1,1,4,5,0,1,2,2,1,2,2,0,0,1,1,0,1,0,0,0,1
324,0.1590909090909091,1,0,0,1,3,4,0,1,2,0,0,1,0,0,0,1,0,0,1,1,0,0,1
325,0.1590909090909091,1,0,0,0,0,5,0,1,0,1,0,0,0,0,0,1,0,0,1,0,0,0,1
326,0.2727272727272727,0,0,0,0,1,5,0,1,2,2,2,2,2,2,0,0,0,1,1,1,0,0,1
327,0.1590909090909091,1,0,1,1,4,5,0,1,0,1,0,2,0,0,1,1,2,2,1,1,2,0,1
328,0.2727272727272727,1,1,0,0,1,0,1,1,1,2,1,1,0,0,0,1,1,1,1,0,0,0,1
329,0.34090909090909094,1,1,1,1,3,0,0,0,1,0,1,1,0,1,2,2,0,0,0,1,2,1,2
330,0.13636363636363635,1,0,0,0,0,2,0,1,2,1,2,2,2,4,1,1,1,1,1,0,2,0,1
331,0.1590909090909091,1,0,1,1,4,5,0,1,2,2,1,0,0,0,2,0,1,0,1,1,1,0,1
332,0.29545454545454547,1,0,0,0,0,1,0,0,0,0,1,1,2,2,0,1,0,0,1,2,1,0,2
333,0.6136363636363636,1,1,0,1,2,0,0,1,1,0,1,1,0,3,1,1,0,0,1,1,0,0,2
334,0.25,1,0,0,0,0,4,1,0,1,2,1,1,0,0,0,0,1,1,0,0,1,0,1
335,0.6363636363636364,1,0,0,0,1,2,0,1,2,1,2,0,0,4,1,1,1,1,0,0,0,0,2
336,0.2727272727272727,1,0,0,1,4,2,0,1,0,0,1,0,0,0,2,0,0,0,1,0,0,0,1
337,0.25,0,1,0,0,4,5,0,1,2,1,0,1,0,4,0,0,1,1,1,1,0,0,1
338,0.13636363636363635,1,0,0,0,0,5,0,1,2,2,0,0,2,0,2,1,0,0,1,0,0,0,1
339,0.25,1,0,0,0,0,2,0,1,2,2,2,2,2,4,1,1,1,2,1,0,2,0,1
340,0.38636363636363635,1,0,0,0,0,2,0,0,0,1,1,0,0,0,1,1,2,2,1,1,1,0,2
341,0.34090909090909094,0,0,1,0,4,2,1,1,1,2,1,1,0,3,2,0,1,1,1,0,1,0,2
342,0.20454545454545456,1,0,0,0,4,5,0,1,0,1,0,0,0,4,2,1,0,0,1,0,1,0,1
343,0.4090909090909091,1,0,0,0,0,5,0,1,0,1,0,0,0,0,0,1,1,1,1,1,0,0,2
344,0.34090909090909094,1,0,0,0,3,0,1,1,0,0,1,1,0,0,2,0,0,0,1,0,1,0,2
345,0.1590909090909091,0,0,1,1,4,2,0,1,2,2,1,1,2,0,1,1,1,2,1,1,0,0,1
346,0.11363636363636365,1,0,1,1,4,1,0,0,0,0,1,1,0,0,1,1,2,2,0,2,0,0,1
347,0.7954545454545455,1,0,1,1,1,5,0,1,0,0,2,2,0,0,1,1,0,2,1,1,0,0,2
348,0.09090909090909091,1,0,0,0,4,5,0,1,0,0,0,0,0,0,0,1,1,0,1,0,0,0,1
349,0.1590909090909091,2,0,1,1,4,5,0,1,2,2,0,0,0,0,0,1,1,1,1,1,2,0,1
350,0.25,1,0,0,0,2,4,0,0,0,0,1,1,0,0,0,1,2,2,0,0,0,0,1
351,0.20454545454545456,1,0,0,1,4,5,0,1,2,2,2,2,2,0,1,1,0,0,1,2,2,0,1
352,0.2727272727272727,1,0,0,0,1,4,0,1,1,0,1,0,0,4,1,1,1,2,1,0,2,0,1
353,0.18181818181818182,1,0,1,1,2,5,0,1,2,1,0,2,0,0,0,1,1,0,1,1,0,0,1
354,0.1590909090909091,0,0,1,0,4,4,0,1,2,2,2,1,0,2,1,1,1,2,1,1,1,0,1
355,0.29545454545454547,1,0,0,1,4,3,0,0,1,2,1,0,2,0,1,1,1,0,1,1,1,0,2
356,0.34090909090909094,1,0,1,1,4,2,0,1,0,1,1,1,0,0,0,1,1,1,1,1,0,0,2
357,0.36363636363636365,1,0,1,1,4,5,0,1,2,2,0,2,2,0,0,0,0,0,1,1,0,0,2
358,0.36363636363636365,1,0,0,1,4,1,1,1,1,0,1,1,0,2,2,2,1,1,1,0,0,0,2
359,0.25,1,1,0,0,0,0,1,1,1,2,1,1,2,4,1,1,2,2,0,0,2,0,1
360,0.34090909090909094,0,0,0,0,0,4,0,1,1,0,1,1,0,1,0,1,1,1,1,1,0,0,2
361,0.36363636363636365,1,1,1,1,3,2,1,1,1,0,1,0,0,1,1,1,2,2,1,0,2,0,2
362,0.18181818181818182,1,1,1,1,3,1,1,0,1,0,1,0,1,0,0,1,1,2,1,2,1,0,1
363,0.3181818181818182,1,0,1,1,3,5,0,0,2,2,2,2,2,0,1,1,1,2,1,2,2,0,2
364,0.29545454545454547,1,0,0,1,2,4,1,1,2,2,1,1,0,0,0,1,1,0,1,1,1,0,2
365,0.2272727272727273,1,0,1,1,4,5,0,1,0,1,1,0,0,1,0,0,0,0,1,1,1,0,1
366,0.38636363636363635,1,0,1,0,0,5,0,1,2,0,2,2,2,4,1,1,1,2,1,1,0,0,2
367,0.4090909090909091,1,0,1,1,2,1,0,1,1,2,1,1,2,4,1,1,1,1,1,1,0,0,2
368,0.06818181818181818,1,0,1,1,3,1,0,1,2,0,1,0,2,0,1,1,2,2,0,0,0,0,1
369,0.06818181818181818,1,0,0,1,4,4,0,0,0,1,1,1,1,4,2,1,1,0,1,0,1,0,1
370,0.09090909090909091,0,0,0,0,0,5,0,1,2,0,2,2,2,2,1,1,0,1,1,1,2,0,1
371,0.5227272727272727,1,0,1,1,2,5,0,1,2,0,2,2,0,1,0,1,2,1,1,0,1,1,2
372,0.8181818181818182,1,0,1,1,3,5,0,1,2,2,2,2,2,4,1,1,2,2,1,1,2,0,2
373,0.3181818181818182,0,0,0,1,4,2,0,1,2,2,2,2,2,2,0,1,1,2,1,0,2,0,2
374,0.06818181818181818,0,0,1,1,3,2,0,1,0,1,0,1,0,2,2,1,1,0,1,2,0,0,1
375,0.6136363636363636,1,0,0,1,1,2,1,1,2,2,0,0,0,0,0,1,0,1,1,0,0,0,2
376,0.20454545454545456,0,0,0,1,3,5,0,1,2,2,1,1,2,0,2,0,0,0,1,1,1,0,1
377,0.1590909090909091,0,0,1,1,4,2,1,1,0,0,1,1,0,0,0,1,1,2,1,1,2,0,1
378,0.36363636363636365,0,0,1,1,3,5,0,0,2,2,2,2,2,3,0,0,1,1,1,1,2,0,2
379,0.18181818181818182,0,0,1,1,1,5,0,1,2,2,1,2,2,0,0,1,0,0,1,1,0,0,1
380,0.5227272727272727,1,0,0,1,1,3,0,1,2,1,1,0,0,2,1,1,1,1,1,1,0,0,2
381,0.20454545454545456,1,0,0,1,3,5,0,1,2,0,2,2,2,0,1,1,1,2,1,0,2,0,1
382,0.29545454545454547,1,0,1,1,4,2,1,1,2,0,1,1,0,0,1,1,2,2,1,1,0,0,2
383,0.1590909090909091,1,0,1,1,2,2,1,1,1,0,1,1,2,2,1,1,2,2,1,2,1,0,1
384,0.18181818181818182,1,0,0,1,4,4,0,1,0,0,1,1,0,0,2,2,1,0,1,1,1,0,1
385,0.20454545454545456,0,0,1,1,3,5,1,1,2,2,1,0,0,0,0,0,0,2,1,1,0,0,1
386,0.5454545454545454,1,0,0,0,1,3,0,1,0,1,1,1,0,0,1,1,1,2,0,0,0,0,2
387,0.25,2,1,1,1,4,0,1,1,2,2,1,1,0,3,2,1,1,0,1,0,1,0,1
388,0.1590909090909091,0,0,0,1,4,4,0,1,0,1,1,1,0,1,2,1,1,0,1,0,0,0,1
389,0.34090909090909094,0,0,1,1,3,5,0,1,2,2,1,2,2,0,0,1,1,0,1,2,0,0,2
390,0.29545454545454547,2,1,1,1,2,0,0,1,1,2,1,1,1,3,2,2,0,0,2,1,1,1,2
391,0.5,0,0,1,1,3,5,0,0,2,0,0,0,0,2,0,0,0,0,1,1,0,0,2
392,0.29545454545454547,1,0,0,0,1,5,0,1,0,0,1,0,0,2,2,1,1,0,1,1,0,0,2
393,0.18181818181818182,1,0,1,1,2,2,1,1,0,0,0,0,0,4,1,1,2,2,1,1,2,0,1
394,0.13636363636363635,0,0,1,0,0,3,0,0,1,0,1,1,1,3,2,0,0,0,1,0,1,1,1
395,0.25,1,0,0,0,1,5,0,0,2,1,1,0,0,0,0,1,1,1,1,1,0,0,1
396,0.6818181818181819,1,0,0,0,0,2,0,1,0,0,1,1,0,0,0,0,0,0,1,1,1,0,2
397,0.38636363636363635,1,0,0,0,4,4,0,1,1,0,1,1,0,3,0,0,1,2,1,0,1,1,2
398,0.3181818181818182,0,0,0,0,1,1,0,1,0,1,1,1,0,0,0,1,0,1,1,0,0,0,2
399,0.25,1,0,0,1,4,1,0,1,0,1,0,0,2,2,0,1,1,1,1,0,2,0,1
400,0.18181818181818182,1,0,1,1,2,4,0,1,2,2,1,1,0,1,0,1,1,2,1,1,1,0,1
401,0.2272727272727273,1,0,1,1,4,2,0,1,2,2,1,1,0,0,0,1,1,0,1,0,1,0,1
402,0.11363636363636365,1,0,0,0,0,5,0,1,0,0,1,0,0,0,1,1,1,2,1,0,1,0,1
403,0.38636363636363635,1,0,1,1,4,1,0,1,2,2,1,1,0,3,0,0,1,1,1,0,1,1,2
404,0.25,1,0,1,1,4,2,0,1,0,0,1,1,0,4,0,1,1,1,0,0,0,0,1
405,0.18181818181818182,1,0,1,0,0,4,0,1,2,2,1,2,2,4,1,1,1,2,0,0,1,0,1
406,0.34090909090909094,1,0,1,1,1,2,1,1,2,2,2,2,0,0,2,0,2,1,1,1,2,0,2
407,0.34090909090909094,1,0,0,0,0,5,1,1,0,0,0,0,0,0,2,1,1,0,1,0,2,0,2
408,0.09090909090909091,1,1,0,0,1,4,1,1,0,0,1,1,0,2,1,1,2,2,0,1,0,0,1
409,0.2727272727272727,0,0,1,0,0,3,0,1,1,0,1,1,0,0,2,0,0,0,1,1,0,0,1
410,0.34090909090909094,1,0,1,1,2,5,1,1,2,2,1,1,0,2,2,1,0,0,1,1,1,0,2
411,0.29545454545454547,0,0,1,1,3,5,0,0,0,1,1,0,0,3,2,0,0,0,1,0,1,0,2
412,0.06818181818181818,1,0,1,0,1,5,0,1,0,1,0,0,0,0,1,1,1,1,1,0,0,1,1
413,0.29545454545454547,2,0,1,1,4,5,0,1,0,0,1,1,0,0,2,0,0,0,1,2,2,0,2
414,0.18181818181818182,0,0,0,1,4,1,1,1,0,1,0,0,0,1,1,1,1,1,1,1,2,0,1
415,0.2727272727272727,1,0,1,0,2,4,0,1,0,0,1,0,0,2,0,1,1,2,1,1,0,0,1
416,0.2727272727272727,2,0,1,1,4,1,0,1,0,1,1,1,0,1,1,1,2,2,0,0,1,0,1
417,0.11363636363636365,1,0,0,0,0,4,0,1,1,0,1,1,0,0,1,1,1,2,0,0,1,0,1
418,0.36363636363636365,1,0,0,0,1,4,0,1,1,0,1,1,0,2,1,1,2,2,1,0,0,0,2
419,0.8181818181818182,1,0,1,1,4,0,1,1,1,2,1,0,0,0,2,0,0,0,1,1,1,1,2
420,0.2272727272727273,1,0,1,1,3,0,1,1,2,0,1,1,2,4,1,1,2,2,1,1,2,0,1
421,0.18181818181818182,1,0,0,0,0,2,1,1,0,0,0,1,0,0,1,1,1,0,1,2,0,0,1
422,0.2272727272727273,1,0,1,1,4,4,1,1,2,2,2,1,0,4,1,1,2,2,2,2,2,0,1
423,0.3181818181818182,1,0,1,1,4,4,0,1,1,0,1,0,0,2,1,1,1,2,1,1,0,0,2
424,0.2272727272727273,0,0,0,1,3,5,0,0,2,2,1,0,0,0,0,1,0,0,1,1,0,0,1
425,0.06818181818181818,1,0,0,0,4,4,0,0,0,1,1,2,2,0,1,1,1,1,0,0,2,0,1
426,0.13636363636363635,1,0,1,1,4,1,0,1,1,2,1,1,0,1,2,1,1,1,1,0,1,1,1
427,0.18181818181818182,0,0,0,0,0,5,0,0,2,1,2,0,0,0,0,1,1,0,1,1,0,0,1
428,0.11363636363636365,1,0,0,0,0,5,0,0,2,0,1,1,0,0,1,1,2,0,1,2,0,0,1
429,0.13636363636363635,0,0,0,0,0,5,0,1,2,2,2,2,2,2,1,1,1,1,2,2,2,0,1
430,0.2272727272727273,1,1,0,0,1,1,1,1,0,0,1,1,0,2,0,1,1,2,1,1,2,0,1
431,0.13636363636363635,0,0,1,1,3,4,0,1,1,0,1,1,0,4,2,1,0,1,1,2,2,0,1
432,0.34090909090909094,1,1,0,1,2,0,1,1,1,0,1,1,2,2,2,0,1,1,2,2,0,0,2
433,0.36363636363636365,1,0,0,0,4,2,0,1,0,0,1,1,0,0,0,1,2,2,1,0,0,0,2
434,0.20454545454545456,0,0,0,1,4,2,0,1,0,1,1,1,0,1,0,0,1,1,1,1,0,0,1
435,0.2272727272727273,1,0,0,0,1,4,0,1,0,0,1,0,0,0,1,1,1,2,1,1,0,0,1
436,0.18181818181818182,1,0,0,0,0,5,0,1,0,1,0,0,0,0,1,1,1,2,1,1,0,1,1
437,0.045454545454545456,1,0,0,0,0,1,1,1,0,1,0,0,2,4,1,1,1,2,1,1,0,0,0
438,0.11363636363636365,0,0,0,1,4,2,0,1,2,2,1,0,0,0,0,1,1,0,1,0,0,0,1
439,0.25,1,0,1,1,3,0,1,1,2,2,2,2,2,2,1,1,2,2,0,0,2,0,1
440,0.18181818181818182,1,0,1,0,4,4,0,1,1,0,1,1,0,0,0,0,0,0,1,0,1,0,1
441,0.4090909090909091,1,0,0,0,3,5,1,1,2,0,2,0,0,2,0,1,0,0,1,1,0,0,2
442,0.5227272727272727,1,0,0,1,4,5,0,1,2,2,2,2,2,0,0,1,1,2,0,2,2,1,2
443,0.34090909090909094,0,0,0,0,0,1,1,1,2,0,0,1,0,0,1,1,1,2,1,1,2,0,2
444,0.11363636363636365,1,0,1,1,4,4,0,1,2,2,1,1,2,4,1,1,2,2,1,1,2,0,1
445,0.4772727272727273,1,0,1,0,2,5,0,1,2,0,1,0,0,0,2,1,1,1,1,0,1,1,2
446,0.36363636363636365,1,0,1,0,0,5,0,1,2,1,0,0,0,0,0,1,1,1,1,0,0,1,2
447,0.18181818181818182,0,0,0,1,4,1,0,1,2,2,1,1,0,1,2,0,1,1,1,1,1,1,1
448,0.13636363636363635,1,0,0,1,3,2,0,1,2,2,2,1,0,0,1,1,1,2,1,1,0,0,1
449,0.4318181818181818,1,0,1,1,3,5,0,0,2,2,2,2,0,0,0,0,1,1,1,1,0,0,2
450,0.5681818181818182,1,1,1,1,2,4,1,1,2,2,1,1,2,4,1,1,2,2,0,0,2,0,2
451,0.5,2,0,1,0,1,5,0,1,2,2,2,0,2,0,2,0,0,1,1,0,2,0,2
452,0.2727272727272727,1,0,1,1,2,5,0,1,2,2,2,1,0,3,2,1,1,0,1,1,1,1,1
453,0.36363636363636365,1,0,0,1,4,4,0,1,0,1,1,1,0,0,2,2,1,0,1,1,0,0,2
454,0.20454545454545456,1,0,1,1,4,1,0,1,0,1,1,0,0,0,2,1,0,0,1,2,0,0,1
455,0.4090909090909091,1,0,0,0,4,5,0,1,0,0,1,1,2,2,1,1,2,2,0,2,0,0,2
456,0.20454545454545456,1,0,0,0,3,4,0,1,1,2,1,1,0,2,0,1,1,1,1,0,1,0,1
457,0.38636363636363635,1,0,1,0,1,1,0,1,2,0,1,1,2,0,2,1,0,0,1,0,0,0,2
458,0.3181818181818182,1,0,0,0,1,4,0,1,1,0,1,1,0,0,0,1,1,0,1,2,2,0,2
459,0.4318181818181818,1,0,0,0,0,3,0,1,2,0,1,1,0,0,0,0,1,1,1,1,0,0,2
460,0.25,1,0,0,0,0,2,0,1,0,0,0,0,0,0,1,1,1,2,0,0,2,0,1
461,0.34090909090909094,0,0,0,0,1,3,0,1,2,1,2,2,0,4,0,1,1,2,1,1,2,0,2
462,0.2272727272727273,1,0,0,0,4,4,1,1,1,2,1,1,0,2,2,0,1,0,1,1,0,0,1
463,0.18181818181818182,0,0,1,0,1,2,0,1,0,1,1,1,0,1,0,0,1,0,1,0,1,0,1
464,0.20454545454545456,1,0,1,1,4,4,1,1,0,0,2,0,0,2,2,1,1,2,1,0,2,0,1
465,0.4545454545454546,1,1,0,1,4,2,1,1,1,0,1,1,2,2,0,0,1,2,1,0,2,0,2
466,0.8636363636363636,1,0,1,1,3,5,0,1,2,2,1,1,0,0,0,1,1,2,1,0,1,0,2
467,0.2272727272727273,1,0,0,1,4,5,0,1,1,0,1,1,1,3,2,0,0,1,1,0,1,0,1
468,0.18181818181818182,1,0,0,0,1,4,0,1,1,2,1,1,0,0,0,1,2,2,0,0,1,0,1
469,0.5454545454545454,0,0,0,1,3,1,1,1,2,2,1,1,2,0,2,1,1,0,1,0,0,0,2
470,0.29545454545454547,1,0,0,1,4,1,1,1,2,2,2,2,2,4,1,1,1,2,1,1,2,0,2
471,0.8863636363636364,1,0,0,1,3,5,0,1,2,2,2,2,2,2,0,1,1,2,1,2,2,0,2
472,0.25,1,0,0,0,4,4,0,1,0,0,1,1,0,3,2,1,0,0,1,0,1,0,1
473,0.4772727272727273,0,0,0,1,4,5,0,1,2,2,1,2,0,0,2,1,1,1,1,0,1,1,2
474,0.36363636363636365,1,0,0,0,4,4,1,1,0,0,1,1,0,3,0,1,1,2,1,0,0,0,2
475,0.8636363636363636,1,0,0,1,4,5,0,1,2,1,2,2,0,0,0,0,0,0,1,0,0,0,2
476,0.20454545454545456,1,0,1,1,4,4,0,1,1,1,1,1,0,1,2,0,1,0,1,1,1,1,1
477,0.11363636363636365,1,1,1,1,2,2,1,1,0,0,0,0,0,0,1,0,2,2,0,2,0,0,1
478,0.0,1,0,0,0,0,3,1,0,0,0,1,0,0,4,2,1,0,0,1,0,0,0,0
479,0.2727272727272727,0,0,0,0,0,1,0,1,0,1,1,1,0,0,0,1,1,2,1,0,0,0,1
480,0.11363636363636365,1,0,0,0,1,2,0,0,0,1,0,0,0,0,1,1,2,2,0,2,2,0,1
481,0.5681818181818182,1,0,0,1,4,5,0,1,2,2,2,2,2,2,2,0,0,0,1,2,0,0,2
482,0.0,0,0,1,1,4,0,1,1,0,1,0,0,0,0,0,0,1,1,0,0,0,0,0
483,0.25,1,0,0,1,3,4,0,1,2,2,1,1,0,0,0,1,1,0,1,0,0,0,1
484,0.6818181818181819,1,0,0,0,1,4,0,1,0,0,1,0,0,0,0,1,0,0,1,0,0,0,2
485,0.5681818181818182,1,0,0,1,4,2,0,0,1,2,0,1,0,2,0,1,1,1,1,2,1,1,2
486,0.2272727272727273,0,0,1,1,4,2,0,1,0,1,1,1,0,0,2,0,1,0,1,0,0,0,1
487,0.2727272727272727,1,1,1,1,2,0,1,1,1,2,1,1,2,4,1,1,2,2,1,1,2,0,1
488,0.18181818181818182,1,0,0,0,4,4,0,1,1,0,1,1,2,4,0,1,1,2,1,0,2,0,1
489,0.34090909090909094,1,0,0,0,1,4,0,0,1,0,1,1,0,0,0,0,1,1,1,1,1,0,2
490,0.29545454545454547,1,0,0,0,0,5,0,1,2,1,0,0,2,0,1,1,0,1,1,1,2,0,2
491,0.2727272727272727,1,0,0,0,3,1,0,0,0,1,1,1,0,0,1,1,1,1,1,1,0,0,1
492,0.20454545454545456,1,0,0,0,0,2,0,1,1,0,1,1,0,1,2,1,1,0,1,0,1,1,1
493,0.13636363636363635,0,1,1,1,4,0,1,1,1,0,0,0,0,0,1,1,1,1,1,1,0,1,1
494,0.1590909090909091,1,0,0,0,0,2,0,1,0,1,0,0,0,0,0,1,1,0,1,1,0,0,1
495,0.11363636363636365,0,0,1,1,2,5,0,1,2,1,0,1,0,0,0,1,1,1,1,1,2,1,1
496,0.4090909090909091,1,0,0,1,4,5,0,0,2,1,1,1,0,1,2,0,1,0,1,1,1,1,2
497,0.1590909090909091,0,1,1,1,2,0,1,1,0,1,1,1,2,1,2,1,1,0,1,0,1,1,1
498,0.7954545454545455,1,0,0,1,4,5,1,0,1,2,2,2,2,4,1,1,2,2,0,0,1,0,2
499,0.36363636363636365,1,0,0,0,3,4,0,1,0,1,0,0,0,2,1,1,1,1,1,0,2,0,2
500,0.4545454545454546,0,0,0,1,0,2,0,1,2,2,1,1,2,0,0,0,0,0,1,1,1,0,2
501,0.5,1,1,1,0,0,5,0,1,1,0,1,1,1,0,2,0,1,0,1,0,1,1,2
502,0.3181818181818182,1,0,0,0,0,2,0,1,1,1,1,0,0,0,1,1,0,1,1,0,0,0,2
503,0.1590909090909091,1,0,0,0,1,5,0,0,0,1,0,2,0,0,1,1,2,2,1,2,0,0,1
504,0.38636363636363635,0,0,0,1,4,1,0,1,1,2,1,1,0,0,2,0,0,0,1,0,1,0,2
505,0.6363636363636364,1,0,0,1,4,5,0,1,2,2,2,2,0,0,0,1,1,0,1,1,2,0,2
506,0.5454545454545454,1,0,0,0,1,1,0,0,2,0,2,1,0,3,0,1,2,2,0,2,1,0,2
507,0.3181818181818182,1,0,1,1,4,4,1,1,2,0,1,1,0,0,1,1,2,2,0,0,2,0,2
508,0.6590909090909091,1,0,1,1,4,5,0,1,2,2,2,2,0,4,1,1,1,2,1,2,2,0,2
509,0.09090909090909091,1,0,0,0,0,5,0,1,2,1,2,0,2,0,1,1,1,2,1,0,2,0,1
510,0.34090909090909094,0,0,0,1,4,3,1,1,2,2,2,2,0,4,1,1,1,1,1,1,0,0,2
511,0.1590909090909091,0,0,0,0,4,4,0,1,1,0,1,1,1,2,0,1,1,0,1,1,2,0,1
512,0.25,1,0,0,0,0,5,0,1,0,1,1,0,0,0,0,1,0,0,1,0,0,0,1
513,0.4772727272727273,1,0,0,0,1,2,0,1,2,2,2,2,2,4,1,1,2,2,1,1,2,0,2
514,0.4545454545454546,1,0,1,1,4,5,0,1,2,1,2,2,2,0,2,1,0,0,1,1,1,0,2
515,0.5681818181818182,1,0,0,0,0,4,1,1,0,0,1,0,0,0,0,1,1,0,1,1,0,0,2
516,0.6363636363636364,1,0,0,1,3,3,1,1,2,1,2,2,2,0,1,1,1,2,1,0,2,0,2
517,0.4545454545454546,0,0,1,1,4,5,0,0,2,2,2,2,2,4,0,1,2,2,1,1,1,1,2
518,0.34090909090909094,1,0,0,1,4,4,0,1,2,2,1,1,2,4,2,2,1,1,1,0,1,0,2
519,0.36363636363636365,1,0,1,1,2,2,0,1,1,2,1,1,2,4,0,0,2,2,1,1,1,0,2
520,0.9545454545454546,1,0,0,0,1,5,0,1,2,2,0,2,0,0,0,1,1,2,0,0,2,0,2
521,0.11363636363636365,0,0,0,0,0,5,0,0,0,1,0,0,2,0,0,0,1,1,1,1,0,0,1
522,0.38636363636363635,1,0,0,0,0,5,0,0,1,0,1,1,0,0,0,0,0,0,1,1,1,0,2
523,0.1590909090909091,1,0,1,0,3,2,1,1,0,1,0,0,0,0,0,2,0,0,1,1,0,1,1
524,0.4090909090909091,1,1,1,1,4,0,1,1,0,2,0,1,2,1,0,1,1,2,1,2,2,0,2
525,0.5227272727272727,0,0,1,1,3,3,1,1,2,2,2,2,2,4,0,0,1,1,1,1,2,0,2
526,0.13636363636363635,1,1,0,0,4,0,0,1,2,2,0,0,2,2,1,1,1,1,0,0,2,0,1
527,0.75,1,0,0,1,4,2,1,1,1,2,2,1,1,1,2,2,0,0,1,1,0,1,2
528,0.25,1,0,0,1,4,4,0,1,2,2,1,2,2,4,1,1,0,1,1,1,2,0,1
529,0.29545454545454547,0,1,1,1,4,1,1,1,0,1,0,0,0,0,0,0,1,2,1,1,2,0,2
530,0.20454545454545456,1,0,0,0,0,4,0,1,1,0,1,1,0,0,1,1,1,2,1,2,0,0,1
531,0.29545454545454547,1,0,0,1,3,1,0,1,2,2,2,2,0,2,1,1,2,2,2,2,1,0,2
532,0.20454545454545456,0,1,1,0,4,0,1,1,1,0,1,1,1,3,2,0,0,0,1,0,1,0,1
533,0.11363636363636365,1,0,0,0,3,4,0,1,0,0,1,0,0,4,1,1,1,2,0,0,2,0,1
534,0.06818181818181818,1,0,0,0,1,2,0,1,0,1,0,1,0,0,2,0,0,0,1,0,0,0,1
535,0.20454545454545456,0,0,1,1,4,4,0,1,1,2,1,1,1,1,2,1,1,1,1,1,1,0,1
536,0.4772727272727273,1,0,1,1,2,2,1,1,2,2,2,2,0,2,2,1,1,2,1,1,1,0,2
537,0.18181818181818182,1,0,1,1,1,5,0,1,0,0,1,0,0,0,0,1,0,0,1,1,1,0,1
538,0.20454545454545456,1,0,0,0,1,4,0,1,0,0,1,1,0,0,0,0,1,1,1,1,0,0,1
539,0.09090909090909091,0,0,1,1,4,3,0,1,2,2,1,0,0,0,1,1,1,1,1,1,1,1,1
540,0.18181818181818182,0,0,1,1,2,1,0,0,0,0,1,1,0,1,0,1,0,0,1,0,1,0,1
541,0.29545454545454547,0,0,1,1,3,1,0,1,2,2,1,1,2,2,1,1,2,2,1,1,2,0,2
542,0.3181818181818182,1,0,0,0,1,4,0,1,0,0,1,1,0,0,1,1,2,2,2,2,2,0,2
543,0.2272727272727273,0,0,1,1,2,1,1,1,2,0,1,0,0,0,2,2,1,1,1,1,1,1,1
544,0.2272727272727273,2,0,1,1,3,1,0,1,1,1,1,1,2,1,2,2,1,1,2,1,1,1,1
545,0.11363636363636365,0,0,0,0,0,4,0,1,0,1,1,1,0,4,0,1,0,1,1,2,2,0,1
546,0.2727272727272727,1,0,0,0,1,2,1,1,0,1,0,0,0,4,1,1,2,2,0,0,2,0,1
547,0.4090909090909091,1,0,1,1,4,5,0,1,2,0,1,2,0,1,2,1,1,2,1,2,1,0,2
548,0.06818181818181818,1,0,1,0,0,5,0,1,2,2,2,2,2,0,1,1,1,2,1,0,2,0,1
549,0.2727272727272727,1,0,0,0,2,2,0,1,1,0,0,1,0,2,0,1,1,1,0,2,0,0,1
550,0.1590909090909091,0,0,1,0,0,3,0,0,0,1,1,1,0,0,0,1,1,1,1,0,0,0,1
551,0.3181818181818182,1,0,0,1,4,4,0,1,1,0,1,1,0,4,1,1,1,2,0,2,0,0,2
552,0.25,0,0,0,1,4,0,0,1,1,0,1,1,0,0,0,1,1,1,1,1,2,0,1
553,0.06818181818181818,2,0,0,1,4,2,0,1,1,2,2,1,2,2,0,1,1,1,1,1,2,0,1
554,0.20454545454545456,0,0,1,1,3,1,1,1,1,0,1,1,0,2,0,0,1,1,1,2,0,0,1
555,0.3181818181818182,0,0,0,1,2,5,0,0,0,1,0,0,0,0,0,1,1,1,1,1,0,0,2
556,0.36363636363636365,1,0,0,0,4,5,0,1,2,2,2,2,2,4,1,1,1,2,1,0,2,0,2
557,0.34090909090909094,1,0,0,0,0,2,0,1,0,0,0,0,0,0,2,1,1,0,1,0,0,0,2
558,0.09090909090909091,1,0,1,1,4,4,1,1,1,1,1,0,0,2,1,1,1,2,0,2,2,0,1
559,0.13636363636363635,1,0,0,0,0,5,0,1,0,1,0,0,0,0,0,0,1,1,1,1,2,0,1
560,0.9772727272727273,1,1,0,0,0,4,1,0,1,0,1,1,0,4,0,1,1,0,1,1,2,0,2
561,0.20454545454545456,1,0,1,1,4,1,1,1,0,0,1,0,0,0,1,1,1,0,1,1,2,0,1
562,0.34090909090909094,1,0,0,0,1,5,0,1,0,1,0,0,2,4,1,1,1,2,0,2,2,0,2
563,0.4090909090909091,1,0,0,1,3,2,0,1,0,1,1,0,0,0,1,1,1,1,1,1,0,0,2
564,0.5,1,0,0,0,1,2,0,1,1,0,1,1,0,1,1,1,1,1,1,1,1,0,2
565,0.2272727272727273,1,0,0,1,4,5,0,1,2,2,1,1,2,1,0,1,1,0,1,0,1,0,1
566,0.4772727272727273,1,0,0,1,4,3,0,1,2,1,2,0,2,0,2,0,2,2,1,0,0,0,2
567,0.3181818181818182,1,0,0,1,4,5,0,1,2,0,1,2,0,2,1,1,2,1,0,2,0,0,2
568,0.29545454545454547,1,0,1,0,4,5,0,1,2,1,0,0,0,2,0,1,0,1,1,2,1,0,2
569,0.4545454545454546,1,0,1,1,4,1,0,1,0,0,1,1,0,0,0,0,1,0,1,1,0,0,2
570,0.11363636363636365,1,0,1,1,3,0,0,1,1,2,1,1,0,0,0,1,1,2,1,1,2,0,1
571,0.5454545454545454,1,0,0,1,2,5,0,1,2,2,2,2,2,2,0,0,2,2,0,0,0,0,2
572,0.20454545454545456,0,0,0,0,4,3,0,1,0,1,0,2,0,0,1,1,1,2,1,1,2,0,1
573,0.18181818181818182,0,0,1,1,4,2,0,1,2,2,1,1,2,1,1,1,2,2,1,1,1,1,1
574,0.7272727272727273,1,0,0,0,1,2,1,1,1,2,1,1,0,0,1,1,0,0,1,0,1,0,2
575,0.4318181818181818,1,0,1,0,1,2,0,1,0,0,1,0,0,2,1,1,2,2,1,1,2,0,2
576,0.11363636363636365,1,0,0,0,0,2,0,1,0,0,0,1,0,0,1,1,2,2,1,0,0,0,1
577,0.34090909090909094,1,0,1,0,4,4,1,1,0,1,1,1,2,4,1,1,1,2,1,1,2,0,2
578,0.25,1,1,0,0,1,2,1,1,2,2,1,1,2,3,2,1,1,0,1,2,1,0,1
579,0.36363636363636365,1,0,1,1,4,2,1,0,2,0,1,1,0,0,0,1,1,1,1,0,0,0,2
580,0.5227272727272727,1,0,1,1,2,5,0,1,2,0,1,1,0,0,0,0,1,1,1,1,0,1,2
581,0.7272727272727273,1,0,1,0,0,1,1,1,0,0,1,0,0,0,1,1,1,2,0,0,0,0,2
582,0.25,1,0,0,1,1,5,0,0,2,1,2,2,2,1,0,1,1,0,1,0,0,1,1
583,0.38636363636363635,1,0,0,0,1,4,0,1,1,2,1,1,2,4,1,1,1,2,0,0,2,0,2
584,0.20454545454545456,1,0,0,0,4,0,1,1,1,0,1,1,2,0,2,1,1,2,1,1,1,0,1
585,0.5,0,0,0,0,1,2,0,0,0,1,1,1,0,2,0,0,2,2,0,0,0,0,2
586,0.20454545454545456,1,0,0,1,2,1,1,1,1,0,1,1,0,0,0,1,1,0,1,0,1,1,1
587,0.25,0,0,0,0,1,2,0,1,2,2,2,1,2,0,0,1,1,1,1,0,0,1,1
588,0.29545454545454547,1,0,1,1,4,4,0,1,1,0,1,1,0,2,0,1,2,2,1,0,0,0,2
589,0.5681818181818182,1,0,0,1,4,4,0,1,1,2,1,1,0,2,1,1,2,2,1,0,0,0,2
590,0.36363636363636365,1,0,1,1,4,2,1,1,2,2,1,1,0,0,0,1,1,1,1,2,0,1,2
591,0.25,1,0,1,1,4,2,0,1,0,0,1,1,1,1,2,1,1,1,1,0,0,0,1
592,0.022727272727272728,1,0,1,1,4,0,0,1,1,0,1,1,0,0,0,0,1,0,1,0,0,0,0
593,0.5227272727272727,1,0,1,1,4,5,0,1,2,1,2,2,0,0,0,1,1,1,1,1,1,0,2
594,0.25,1,0,1,0,1,1,0,1,2,2,2,2,0,0,1,1,1,2,1,0,2,0,1
595,0.11363636363636365,1,0,0,0,3,1,0,1,2,1,0,0,0,0,1,1,1,1,1,1,2,0,1
596,0.13636363636363635,0,0,1,1,4,1,0,1,2,1,1,1,0,1,2,0,0,0,1,1,1,1,1
597,0.29545454545454547,1,0,0,0,0,2,1,1,0,0,1,0,0,0,2,1,0,0,1,0,0,0,2
598,0.5681818181818182,1,0,0,0,0,3,1,1,0,1,0,0,0,0,1,1,2,2,1,1,2,0,2
599,0.29545454545454547,1,0,1,1,3,1,0,1,1,0,1,0,0,1,2,2,1,0,1,1,1,1,2
600,0.25,1,0,1,0,2,1,0,1,2,2,2,2,0,0,1,1,1,2,1,1,0,0,1
601,0.38636363636363635,1,1,1,0,0,4,1,1,1,0,2,2,0,4,1,1,2,2,1,0,2,0,2
602,0.34090909090909094,1,0,1,1,4,1,0,0,2,1,1,1,2,1,2,2,0,0,1,1,1,0,2
603,0.2727272727272727,0,1,1,1,2,0,1,0,1,2,1,2,2,1,1,1,2,2,1,1,2,0,1
604,0.20454545454545456,1,0,0,0,0,5,0,1,2,1,0,0,2,0,0,0,0,0,1,0,1,0,1
605,0.3181818181818182,1,0,0,0,4,1,0,1,1,2,1,1,0,0,0,0,1,1,1,1,1,0,2
606,0.7272727272727273,1,0,0,0,4,0,1,1,0,0,1,0,0,0,2,0,1,1,1,0,0,0,2
607,0.13636363636363635,1,0,0,0,1,2,0,0,0,1,1,1,0,0,0,2,1,0,1,0,1,0,1
608,0.20454545454545456,1,0,0,0,0,2,0,1,0,0,1,1,0,0,1,1,2,2,1,0,2,0,1
609,0.20454545454545456,1,0,0,0,1,0,1,1,1,0,1,1,0,0,2,1,0,0,1,0,0,0,1
610,0.3181818181818182,1,0,0,1,4,4,0,1,1,2,1,1,2,2,1,1,1,2,0,0,2,0,2
611,0.5454545454545454,1,1,0,0,3,4,1,0,1,2,1,1,0,4,1,1,1,2,0,0,2,0,2
612,0.4318181818181818,1,0,0,0,2,5,0,0,0,0,1,1,0,0,0,1,1,0,1,1,1,0,2
613,0.2727272727272727,1,0,0,0,4,2,0,1,0,1,1,1,0,2,0,1,1,0,1,2,1,1,1
614,0.25,1,0,0,0,3,5,0,1,2,0,1,1,0,4,2,0,1,0,1,1,0,0,1
615,0.2727272727272727,1,1,0,1,2,4,1,1,1,1,1,2,0,1,1,1,2,2,1,0,2,0,1
616,0.38636363636363635,1,0,0,0,1,2,0,1,2,0,2,0,0,0,1,1,1,1,0,0,2,0,2
617,0.38636363636363635,1,0,1,1,3,1,1,0,2,2,1,1,2,3,2,1,1,0,1,0,1,0,2
618,0.4545454545454546,1,0,1,0,2,2,1,1,1,1,1,0,0,0,0,0,1,1,0,0,0,0,2
619,0.09090909090909091,1,0,1,1,4,1,0,1,2,2,1,1,2,4,1,1,1,2,0,2,2,0,1
620,0.13636363636363635,1,0,1,0,4,1,0,1,0,0,1,1,0,2,1,1,1,1,1,0,0,0,1
621,0.09090909090909091,1,1,0,0,1,0,0,1,0,1,1,1,0,0,1,0,1,2,0,2,1,1,1
622,0.29545454545454547,0,0,0,1,2,2,1,1,2,2,1,1,0,4,0,1,1,1,1,2,0,0,2
623,0.11363636363636365,0,0,1,1,4,5,0,1,2,2,2,2,2,2,2,0,0,0,1,1,0,0,1
624,0.29545454545454547,0,0,1,1,4,1,0,1,0,0,1,1,0,0,1,1,1,1,1,1,0,0,2
625,0.2272727272727273,0,0,1,1,3,3,0,1,2,2,2,2,0,1,0,1,0,1,1,1,1,0,1
626,0.4318181818181818,2,0,1,1,4,1,0,0,2,2,1,1,0,1,2,0,1,1,1,0,1,0,2
627,0.36363636363636365,1,1,1,1,4,4,0,1,1,2,1,1,2,2,1,1,1,1,1,1,1,0,2
628,0.3181818181818182,2,0,0,0,4,2,1,1,1,2,1,1,2,3,2,0,1,0,1,0,1,1,2
629,0.2272727272727273,1,0,1,1,4,2,1,1,2,1,1,0,0,0,2,1,1,1,1,1,0,1,1
630,0.13636363636363635,0,0,0,1,4,1,0,1,1,0,1,1,0,0,0,1,0,1,1,0,0,0,1
631,0.8409090909090909,1,0,1,1,3,4,0,1,2,2,1,1,0,0,2,0,1,1,1,1,0,0,2
632,0.29545454545454547,1,0,0,0,4,4,1,1,1,0,1,1,1,4,1,1,2,2,0,0,2,0,2
633,0.36363636363636365,0,0,0,1,4,1,1,1,2,2,1,0,0,2,0,1,1,2,1,1,2,0,2
634,0.38636363636363635,1,0,0,1,3,1,0,0,0,0,2,0,0,4,1,1,1,2,1,1,2,0,2
635,0.2272727272727273,1,0,0,0,1,2,0,1,1,0,1,1,0,2,1,1,1,1,2,2,0,0,1
636,0.4090909090909091,1,1,1,1,2,4,0,1,1,0,1,1,0,2,1,1,1,2,0,0,2,1,2
637,0.2727272727272727,1,0,0,1,2,2,0,1,1,0,1,1,2,2,1,1,1,2,1,0,2,0,1
638,0.38636363636363635,1,1,0,0,0,0,1,1,2,1,1,1,2,4,1,1,1,2,1,1,2,0,2
639,0.7045454545454546,1,1,1,1,4,0,1,1,1,2,2,1,0,1,2,2,0,0,1,1,1,1,2
640,0.4090909090909091,1,0,0,0,0,2,0,1,2,2,1,1,2,4,1,1,1,2,0,0,2,0,2
641,0.38636363636363635,1,0,0,0,0,2,0,1,1,0,1,1,0,4,0,1,1,1,1,1,0,0,2
642,0.25,0,0,1,1,4,5,0,0,2,2,2,2,1,1,2,1,1,1,1,1,1,1,1
643,0.8636363636363636,1,0,0,0,1,2,0,1,2,2,1,2,2,1,2,0,0,0,1,0,0,1,2
644,0.29545454545454547,0,0,1,1,3,1,0,0,2,0,1,1,1,0,0,1,1,0,1,1,0,1,2
645,0.4318181818181818,1,1,0,0,1,4,0,1,1,0,1,1,0,0,2,0,0,0,1,0,0,0,2
646,0.1590909090909091,1,0,1,1,4,2,0,1,1,0,1,1,0,0,0,1,1,1,1,0,1,0,1
647,0.2727272727272727,1,0,0,0,4,2,0,1,1,0,1,1,0,4,1,1,1,1,1,1,0,0,1
648,0.18181818181818182,0,0,1,0,4,1,0,0,1,2,2,2,0,2,1,1,2,2,1,1,0,0,1
649,0.09090909090909091,0,0,0,0,2,4,0,1,1,0,1,1,0,0,1,1,0,1,1,2,0,0,1
650,0.4772727272727273,1,0,0,0,3,5,1,0,0,0,2,2,0,0,1,1,1,1,1,0,0,0,2
651,0.25,1,0,1,1,1,1,0,1,0,1,0,0,0,0,0,0,0,0,1,1,1,0,1
652,0.7954545454545455,1,1,1,1,4,0,1,1,0,1,1,1,0,4,1,1,1,2,2,2,0,1,2
653,0.36363636363636365,0,0,1,0,1,3,0,0,0,0,2,2,0,0,2,0,0,0,1,1,0,1,2
654,0.3181818181818182,1,0,0,1,1,3,0,0,2,1,2,2,0,4,0,1,0,0,1,1,2,0,2
655,0.1590909090909091,1,0,0,0,0,4,0,1,1,0,1,1,0,0,0,1,2,2,1,2,0,0,1
656,0.25,1,0,0,0,3,0,0,1,1,0,1,1,1,1,1,0,1,0,1,1,2,0,1
657,0.3181818181818182,1,1,0,0,1,0,1,1,1,0,1,1,0,0,1,1,1,2,1,0,0,0,2
658,0.2727272727272727,1,0,1,1,4,5,0,1,2,2,1,0,2,0,0,1,1,2,1,2,2,0,1
659,0.29545454545454547,1,0,0,0,0,4,0,1,0,0,1,0,0,2,1,1,1,2,0,0,0,0,2
660,0.045454545454545456,0,0,0,0,3,5,0,1,2,2,2,2,2,2,1,1,1,1,1,0,2,0,0
661,0.20454545454545456,1,0,0,0,1,0,0,1,0,0,1,0,0,0,1,1,1,2,0,0,0,0,1
662,0.3181818181818182,1,0,0,0,1,5,0,1,0,1,0,0,0,0,0,0,1,1,1,1,0,0,2
663,0.18181818181818182,1,1,0,0,1,0,1,1,1,0,1,1,0,1,0,1,1,2,0,0,2,0,1
664,0.2727272727272727,1,0,0,0,4,5,0,0,0,0,1,1,2,4,1,1,1,1,1,1,0,0,1
665,0.2727272727272727,1,0,0,1,4,2,1,1,1,0,0,1,0,3,0,0,1,0,1,1,1,0,1
666,0.09090909090909091,1,1,0,0,0,0,1,1,0,0,0,0,0,4,0,0,1,1,0,0,2,1,1
667,0.13636363636363635,1,0,0,0,0,5,0,1,0,1,0,0,0,0,1,1,0,0,1,1,0,0,1
668,0.18181818181818182,1,0,0,0,1,2,0,1,1,0,1,1,0,0,0,0,0,0,1,1,0,0,1
669,0.5681818181818182,1,0,0,0,0,1,0,1,0,0,1,1,0,0,1,1,1,2,0,0,0,0,2
670,0.18181818181818182,1,0,0,0,1,2,0,1,1,1,1,0,0,1,1,1,1,0,1,0,0,0,1
671,0.11363636363636365,1,0,1,0,4,4,0,1,0,1,1,0,0,0,0,1,0,0,1,0,0,0,1
672,0.18181818181818182,1,0,0,0,0,1,1,1,2,1,0,2,0,2,1,1,1,1,1,1,2,0,1
673,0.18181818181818182,0,0,1,0,1,1,0,1,0,0,0,0,0,0,0,1,1,0,1,1,2,0,1
674,0.38636363636363635,1,0,1,0,4,2,0,1,0,0,1,1,0,0,0,0,1,1,1,1,1,0,2
675,0.2272727272727273,1,0,0,1,4,2,1,0,0,1,1,0,0,0,1,1,1,2,1,0,0,0,1
676,0.09090909090909091,1,0,0,0,0,2,0,1,1,0,1,1,0,0,0,0,1,2,0,0,0,0,1
677,0.25,0,0,1,1,3,4,0,1,0,0,1,1,0,0,2,1,0,0,1,1,0,0,1
678,0.25,1,1,0,0,0,0,0,1,1,2,1,1,2,4,1,1,2,2,2,2,2,0,1
679,0.6136363636363636,1,0,0,1,2,0,1,1,2,1,1,2,0,4,1,1,2,2,1,0,2,0,2
680,0.34090909090909094,1,0,0,1,3,2,1,1,1,0,1,1,0,2,0,1,1,1,1,0,0,1,2
681,0.4545454545454546,1,0,0,1,4,5,0,0,2,2,2,2,0,0,1,1,1,2,1,1,0,0,2
682,0.022727272727272728,2,0,1,1,2,2,0,0,0,1,1,1,0,1,0,0,0,0,1,0,1,0,0
683,0.25,0,0,0,1,3,5,1,0,2,2,2,0,2,2,1,1,0,2,1,0,0,0,1
684,0.06818181818181818,0,0,0,0,0,4,0,1,1,0,1,1,0,0,2,0,1,0,1,1,0,0,1
685,0.11363636363636365,0,0,1,1,4,5,0,1,0,1,1,0,0,0,2,0,0,0,1,1,0,0,1
686,0.34090909090909094,0,0,1,1,3,5,0,1,2,2,2,2,2,2,1,1,1,2,1,1,2,0,2
687,0.7045454545454546,1,0,1,1,4,1,0,1,2,1,2,2,2,2,0,0,1,2,1,1,2,0,2
688,0.2272727272727273,1,0,0,0,0,2,1,1,0,0,1,1,0,0,0,1,1,0,1,1,0,0,1
689,0.20454545454545456,0,0,0,1,4,4,1,1,0,1,2,0,2,4,1,1,2,2,0,0,2,0,1
690,0.11363636363636365,1,0,0,1,4,4,0,1,2,0,1,1,0,2,0,0,1,1,1,1,0,0,1
691,0.25,1,0,0,0,1,0,1,1,1,0,1,1,2,2,1,1,2,2,1,0,2,0,1
692,0.2727272727272727,1,0,0,0,0,2,0,1,0,0,1,0,2,2,1,1,1,0,0,0,0,0,1
693,0.2272727272727273,0,0,0,0,0,5,0,1,2,1,0,0,0,2,1,1,1,2,1,1,0,0,1
694,0.3181818181818182,1,0,0,0,0,4,0,1,1,0,1,1,0,0,2,1,0,0,1,2,1,0,2
695,0.3181818181818182,1,0,0,1,4,2,0,0,2,2,1,1,2,4,1,1,0,2,1,1,2,0,2
696,0.4318181818181818,1,0,0,0,0,1,0,1,1,0,1,1,0,2,0,0,1,1,1,0,1,0,2
697,0.4772727272727273,0,0,0,0,0,5,1,0,1,2,1,1,0,3,2,0,0,0,1,0,1,0,2
698,0.29545454545454547,1,0,0,0,0,3,0,1,0,0,1,0,0,0,0,0,1,0,1,1,2,0,2
699,0.25,1,0,0,0,0,4,0,1,1,0,1,0,0,1,0,0,1,0,1,1,0,0,1
700,0.2727272727272727,1,0,0,0,0,1,0,0,2,0,1,0,0,0,0,1,1,2,1,1,0,0,1
701,0.34090909090909094,1,1,1,1,3,0,1,1,1,2,2,2,1,3,1,1,2,2,1,1,2,1,2
702,0.4318181818181818,1,0,1,1,4,1,0,1,2,2,0,0,2,0,0,1,2,2,1,1,0,0,2
703,0.11363636363636365,1,0,0,1,2,2,0,0,2,2,2,1,2,2,1,1,1,2,1,0,2,0,1
704,0.5681818181818182,1,0,1,1,4,2,0,0,2,1,1,2,0,2,2,1,0,0,1,1,1,0,2
705,0.3181818181818182,1,0,0,1,3,1,0,1,0,0,1,1,0,0,0,1,2,2,1,0,1,1,2
706,0.18181818181818182,1,0,0,0,1,2,0,1,0,1,1,1,0,0,2,2,1,0,1,1,1,0,1
707,0.3181818181818182,1,1,0,1,4,0,1,1,0,1,0,0,0,4,1,1,2,2,2,2,0,0,2
708,0.4318181818181818,0,0,0,0,0,2,1,1,0,1,1,0,0,0,2,1,1,0,1,1,0,0,2
709,0.25,1,0,0,1,2,2,0,1,2,2,1,1,2,4,1,1,2,2,0,0,2,0,1
710,0.36363636363636365,1,0,0,0,0,4,0,1,1,0,1,1,0,2,0,0,1,2,1,0,0,0,2
711,0.20454545454545456,1,0,0,0,0,4,0,1,0,1,0,0,0,0,1,1,2,2,1,1,2,0,1
712,0.2727272727272727,1,0,1,0,1,1,0,1,0,0,1,0,0,4,1,1,1,2,1,0,0,0,1
713,0.25,1,0,0,0,1,4,0,1,2,2,1,2,2,0,0,1,1,1,1,1,1,0,1
714,0.3181818181818182,1,1,1,1,4,0,1,1,2,2,0,0,0,3,2,0,1,0,1,1,1,0,2
715,0.29545454545454547,1,0,0,1,4,2,0,0,1,0,1,1,0,1,2,1,0,0,1,0,0,0,2
716,0.1590909090909091,1,0,0,0,0,3,0,1,2,2,0,2,2,2,0,0,1,2,2,2,2,0,1
717,0.4318181818181818,1,1,0,0,0,4,1,1,2,2,2,1,2,2,1,1,2,2,0,0,2,0,2
718,0.25,1,0,1,0,0,4,0,1,1,0,1,1,0,4,1,1,1,2,1,0,2,0,1
719,0.20454545454545456,1,0,0,0,0,2,0,1,2,1,1,0,0,0,1,1,2,2,1,1,0,0,1
720,0.34090909090909094,1,0,0,0,0,4,0,1,0,0,1,1,0,0,0,1,1,1,1,0,0,0,2
721,0.2727272727272727,1,0,1,1,4,5,0,0,0,0,1,1,1,3,2,1,1,0,1,2,1,1,1
722,0.25,1,0,0,0,0,0,1,1,1,2,1,1,0,1,0,0,2,2,1,0,0,0,1
723,0.1590909090909091,1,0,1,1,1,4,1,1,0,0,2,0,0,0,2,1,1,2,1,1,1,0,1
724,0.34090909090909094,1,0,1,1,4,0,0,0,1,2,1,1,0,0,1,1,1,2,0,0,0,0,2
725,0.29545454545454547,1,0,0,0,1,1,1,1,1,0,1,1,1,0,1,1,1,1,1,0,1,0,2
726,0.06818181818181818,1,0,0,0,3,4,1,1,0,0,1,1,0,4,0,0,1,1,1,0,1,0,1
727,0.2727272727272727,1,0,1,1,4,2,0,1,0,0,1,1,1,3,2,2,0,0,1,1,1,0,1
728,0.25,1,0,0,0,0,5,0,0,0,1,0,0,0,0,1,1,2,2,1,1,1,0,1
729,0.5681818181818182,1,1,0,1,4,0,1,1,1,0,1,1,2,3,2,1,2,0,1,0,1,1,2
730,0.4318181818181818,1,0,0,1,2,4,0,1,1,0,1,1,0,0,2,1,2,2,0,2,1,0,2
731,0.13636363636363635,1,0,0,0,0,2,0,1,1,0,2,1,0,0,0,1,2,1,1,1,0,0,1
732,0.25,1,0,0,0,0,4,1,1,0,1,1,1,0,4,1,1,2,2,1,1,0,0,1
733,0.29545454545454547,1,0,0,0,0,2,0,0,2,2,2,2,2,0,1,1,2,2,1,1,0,0,2
734,0.29545454545454547,1,0,0,0,0,1,0,1,0,1,1,1,0,2,1,1,2,2,1,1,2,0,2
735,0.34090909090909094,1,1,0,0,1,1,0,0,1,1,1,1,0,4,1,1,2,1,1,2,1,0,2
736,0.5681818181818182,1,0,0,0,0,5,0,0,2,2,0,2,2,0,1,1,1,2,1,0,0,0,2
737,0.34090909090909094,1,0,0,1,4,2,0,1,0,1,1,1,0,0,0,1,1,0,1,0,0,0,2
738,0.20454545454545456,1,0,0,0,0,4,0,1,1,0,1,2,2,0,0,1,2,1,1,2,2,0,1
739,0.4090909090909091,1,0,1,1,4,5,1,0,0,0,0,0,0,0,2,0,0,0,1,0,0,0,2
740,0.4318181818181818,1,0,1,1,4,2,0,1,1,2,1,1,2,4,1,1,1,2,1,0,2,1,2
741,0.3181818181818182,1,0,0,0,0,4,0,1,1,2,1,1,0,3,2,0,0,0,1,1,1,0,2
742,0.4772727272727273,1,0,0,1,4,1,0,1,1,0,1,1,0,4,1,1,0,1,1,2,2,0,2
743,0.29545454545454547,1,0,1,1,4,2,0,1,2,2,1,0,0,2,0,1,1,2,0,2,0,0,2
744,0.4090909090909091,1,0,0,1,4,1,1,1,2,2,1,1,0,3,0,0,1,1,0,0,0,0,2
745,0.2727272727272727,1,1,0,1,4,2,1,1,0,1,0,0,0,0,1,1,1,1,1,2,0,0,1
746,0.2272727272727273,1,0,0,0,0,4,0,1,2,1,1,0,2,4,1,1,1,2,0,0,2,0,1
747,0.3181818181818182,1,0,0,0,0,4,0,1,1,0,1,1,1,1,0,1,1,0,0,0,1,0,2
748,0.38636363636363635,1,0,1,1,3,4,0,1,2,2,2,2,2,4,1,1,1,2,1,1,2,0,2
749,0.022727272727272728,1,0,0,1,4,2,0,1,0,1,1,1,0,1,1,1,1,2,1,2,0,0,0
750,0.34090909090909094,1,0,1,0,0,2,0,1,2,2,1,1,0,4,1,1,1,2,1,1,0,0,2
751,0.5454545454545454,1,0,0,0,0,5,1,1,0,1,2,2,2,4,1,1,1,0,1,0,2,0,2
752,0.4318181818181818,1,0,1,1,4,1,0,1,0,1,0,0,0,0,0,1,1,1,1,1,0,0,2
753,0.5,1,1,0,0,1,4,0,1,1,0,1,1,2,4,1,1,1,2,0,0,2,0,2
754,0.4090909090909091,1,0,0,0,1,5,0,1,2,2,2,2,2,4,1,1,1,2,1,1,2,0,2
755,0.25,0,0,1,1,4,2,1,0,0,0,1,0,0,0,0,1,1,2,1,0,0,0,1
756,0.4545454545454546,0,0,1,1,4,2,0,0,2,1,1,0,0,0,0,1,0,0,1,1,0,0,2
757,0.18181818181818182,1,0,1,1,4,5,0,1,2,0,2,0,0,1,2,0,0,0,1,0,1,0,1
758,0.36363636363636365,1,0,0,0,3,2,0,1,1,0,1,1,2,2,0,0,0,1,0,0,2,0,2
759,0.06818181818181818,1,0,0,1,2,5,0,0,1,2,1,1,1,0,2,1,1,1,1,2,1,1,1
760,0.29545454545454547,1,1,1,0,4,0,1,1,1,2,1,1,2,2,1,1,0,0,1,1,2,0,2
761,0.4318181818181818,0,0,1,1,3,2,0,0,2,2,2,2,0,0,0,0,2,1,1,0,2,0,2
762,0.4318181818181818,1,0,1,1,4,0,0,1,1,0,1,1,0,4,1,1,2,2,0,0,2,0,2
763,0.4545454545454546,1,0,1,1,4,0,0,1,1,0,1,1,1,3,2,2,0,0,1,1,1,0,2
764,0.20454545454545456,0,0,0,1,4,1,0,1,0,1,2,0,0,2,2,1,1,0,1,0,1,0,1
765,0.4772727272727273,1,1,0,0,0,4,0,1,1,0,2,1,2,2,1,1,1,2,0,0,2,0,2
766,0.34090909090909094,0,1,1,1,4,0,0,1,2,2,2,2,2,2,0,2,1,0,1,1,1,0,2
767,0.20454545454545456,1,0,0,0,1,2,0,1,0,1,1,0,0,2,1,1,1,0,2,2,0,0,1
768,0.4090909090909091,0,0,0,1,1,4,1,1,2,0,1,1,0,0,0,0,1,1,1,1,1,0,2
769,0.2272727272727273,1,0,0,0,1,2,0,1,0,1,1,1,0,2,1,1,1,2,0,2,0,0,1
770,0.4772727272727273,1,0,0,1,4,3,0,0,0,0,1,1,0,0,0,0,1,1,1,1,0,0,2
771,0.34090909090909094,1,1,1,1,4,0,1,1,1,2,1,1,2,4,0,0,2,2,1,1,2,0,2
772,0.3181818181818182,1,0,0,0,0,5,0,0,0,1,1,0,0,0,0,1,1,1,1,2,0,0,2
773,0.2272727272727273,1,0,0,0,0,5,0,0,0,1,1,0,0,0,1,1,1,1,2,2,1,0,1
774,0.4318181818181818,1,0,1,1,3,4,0,1,1,0,1,1,2,2,2,1,1,2,1,0,1,1,2
775,0.4772727272727273,1,0,0,1,4,1,0,0,2,2,2,2,2,4,2,1,1,2,1,0,1,1,2
776,0.5681818181818182,1,0,0,0,4,4,1,1,0,0,1,0,0,0,0,1,0,0,1,0,1,0,2
777,0.3181818181818182,2,0,0,1,4,5,0,0,0,0,2,2,0,0,1,1,2,1,2,2,2,1,2
778,0.20454545454545456,0,0,0,0,0,5,0,1,0,1,1,2,0,0,0,1,1,2,1,1,0,0,1
779,0.29545454545454547,0,0,0,0,0,4,0,1,0,0,1,1,0,0,1,1,2,2,0,0,0,0,2
780,0.5681818181818182,1,0,0,1,1,2,0,1,0,0,1,0,0,0,1,1,2,2,2,2,0,0,2
781,0.34090909090909094,1,0,0,1,4,4,1,1,1,2,1,1,2,1,1,1,2,2,2,2,0,0,2
782,0.36363636363636365,1,0,1,1,4,5,0,1,0,1,0,0,2,4,1,1,1,2,1,0,2,0,2
783,0.34090909090909094,1,1,0,0,0,0,0,1,0,0,1,1,0,0,1,1,2,2,1,0,0,0,2
784,0.1590909090909091,1,0,0,0,0,4,0,1,0,0,1,1,0,0,1,1,1,2,1,1,0,0,1
785,0.1590909090909091,1,0,1,1,4,5,0,0,2,2,2,2,2,0,0,1,1,1,1,1,1,1,1
786,0.3181818181818182,1,1,1,0,0,0,0,1,1,2,1,1,2,2,1,1,0,2,1,0,1,0,2
787,0.1590909090909091,1,0,1,1,4,2,0,1,2,2,0,0,2,0,0,1,1,1,1,0,0,0,1
788,0.4318181818181818,1,0,0,0,0,1,1,0,0,0,0,0,0,2,0,1,2,2,1,1,0,0,2
789,0.4772727272727273,1,0,0,1,1,5,0,1,2,2,2,2,2,2,1,1,1,1,1,0,2,0,2
790,0.25,1,0,0,0,3,1,0,1,0,1,1,1,0,2,1,1,1,2,1,0,0,1,1
791,0.34090909090909094,1,0,0,1,4,5,0,1,2,2,0,0,0,0,0,0,1,1,1,1,0,0,2
792,0.4318181818181818,0,0,0,1,2,4,1,1,0,1,1,1,2,1,2,1,1,1,1,2,1,1,2
793,0.38636363636363635,0,0,0,1,4,1,0,0,2,0,1,1,2,3,2,0,0,1,1,2,1,1,2
794,0.09090909090909091,0,0,1,1,4,5,0,1,0,1,0,0,0,3,2,0,1,1,1,0,1,1,1
795,0.4545454545454546,1,0,0,0,1,2,0,1,2,2,1,1,0,2,0,1,1,2,1,0,1,1,2
796,0.3181818181818182,0,0,1,1,2,1,0,1,2,0,1,0,0,0,2,1,1,2,1,1,0,0,2
797,0.2272727272727273,1,0,0,0,0,2,0,1,0,0,1,1,0,0,0,1,1,2,0,2,1,1,1
798,0.20454545454545456,1,0,1,0,0,2,0,1,1,0,1,1,0,0,0,1,1,2,1,2,1,0,1
799,0.38636363636363635,0,0,0,1,4,1,1,1,0,0,0,0,0,4,0,1,1,0,1,0,2,0,2
800,0.25,1,0,0,0,1,1,0,0,2,2,2,1,2,4,2,0,2,2,1,0,0,0,1
801,0.11363636363636365,1,0,1,1,4,4,0,1,1,2,1,1,0,4,1,1,1,2,0,0,2,0,1
802,0.4772727272727273,1,0,0,0,0,2,1,1,2,0,1,1,0,0,2,0,0,0,1,1,0,0,2
803,0.2727272727272727,0,0,0,0,0,5,0,1,2,2,2,2,2,4,1,1,1,0,1,1,2,0,1
804,0.3181818181818182,1,0,0,0,0,2,0,1,0,1,1,0,0,2,0,0,1,1,0,0,0,0,2
805,0.2272727272727273,2,0,0,1,4,2,0,1,1,2,1,1,0,1,2,0,1,1,1,1,1,1,1
806,0.5,0,0,1,1,4,1,0,0,2,2,2,2,2,0,0,1,1,2,1,1,0,1,2
807,0.4090909090909091,0,0,1,0,0,4,0,1,0,0,1,0,0,0,1,1,0,1,1,0,2,0,2
808,0.20454545454545456,1,0,0,0,0,2,1,1,0,1,1,0,0,4,1,1,2,2,0,0,2,0,1
809,0.5227272727272727,1,0,1,0,4,5,0,1,2,2,1,2,0,0,0,1,1,1,1,0,1,0,2
810,0.25,1,0,0,0,1,4,0,1,0,0,1,1,0,0,0,1,1,0,1,0,0,0,1
811,0.25,1,0,0,1,4,1,0,1,1,0,1,1,0,1,1,1,1,1,1,0,1,0,1
812,0.38636363636363635,1,0,0,1,2,0,0,0,1,0,1,1,2,3,2,1,1,1,1,2,1,1,2
813,0.2272727272727273,1,0,0,1,1,4,1,1,1,2,1,1,0,0,0,0,1,1,1,1,0,0,1
814,0.4090909090909091,0,1,0,0,4,0,1,1,0,1,0,0,0,0,0,1,1,0,1,1,0,0,2
815,0.4772727272727273,0,0,0,0,4,2,0,1,0,1,1,0,0,0,2,1,0,0,1,2,0,0,2
816,0.4772727272727273,1,0,1,1,4,3,0,1,2,2,2,2,2,3,0,1,1,2,1,1,0,0,2
817,0.5909090909090909,1,1,1,1,4,0,1,1,1,2,1,1,1,4,2,2,1,0,1,1,2,0,2
818,0.18181818181818182,2,1,0,1,4,4,1,1,1,1,2,2,2,4,1,1,1,1,0,0,2,0,1
819,0.38636363636363635,1,1,1,1,2,0,0,1,1,2,2,1,0,2,1,1,1,1,0,2,2,0,2
820,0.5,0,0,1,1,4,1,0,0,2,1,2,0,0,0,2,0,1,0,1,1,0,0,2
821,0.38636363636363635,1,1,1,1,2,0,0,1,1,2,2,1,0,2,1,1,1,1,0,2,2,0,2
822,0.4545454545454546,1,0,0,0,1,5,1,1,1,2,1,1,1,3,2,2,0,0,1,1,0,0,2
823,0.36363636363636365,1,0,0,0,0,5,1,1,0,1,0,0,0,0,1,1,1,2,1,0,2,0,2
824,0.5681818181818182,1,0,0,0,0,5,0,1,2,0,2,2,0,0,1,1,1,2,1,0,0,0,2
825,0.6818181818181819,0,0,1,0,2,2,0,1,0,0,1,1,1,3,2,2,0,1,1,1,1,1,2
826,0.045454545454545456,1,0,0,0,1,2,0,1,0,1,0,0,0,0,1,1,1,2,0,0,2,0,0
827,0.5,1,1,0,0,4,0,1,1,0,1,1,1,0,2,2,0,1,0,1,1,0,0,2
828,0.25,0,0,0,1,3,4,0,1,0,0,1,1,0,0,0,1,1,0,1,0,0,0,1
829,0.38636363636363635,1,0,1,1,4,0,0,0,1,2,1,1,2,0,1,1,1,2,1,1,2,0,2
830,0.25,1,0,1,0,4,5,1,0,2,2,1,2,2,4,0,1,1,0,1,1,2,0,1
831,0.5,1,0,0,0,1,1,0,1,2,1,1,0,0,0,0,1,1,1,1,0,0,0,2
832,0.25,1,0,0,1,3,4,0,1,1,2,1,1,2,4,1,1,1,2,1,1,2,0,1
833,0.25,0,0,1,1,3,1,0,1,2,1,0,1,0,0,1,1,2,2,1,0,0,0,1
834,0.36363636363636365,1,0,0,1,4,0,0,1,1,0,1,1,0,0,2,1,0,0,1,2,0,0,2
835,0.5909090909090909,1,0,1,1,4,3,0,0,0,0,1,1,0,1,0,1,1,2,1,0,1,1,2
836,0.13636363636363635,0,0,1,1,2,4,0,1,2,2,1,1,2,4,1,1,1,2,1,2,1,1,1
837,0.6590909090909091,0,0,0,0,0,1,1,1,0,0,1,0,0,3,2,2,0,0,1,1,1,0,2
838,0.5681818181818182,1,0,1,0,0,5,0,0,0,0,1,1,0,4,0,1,1,2,1,0,0,0,2
839,0.4090909090909091,1,0,0,0,3,5,0,1,2,2,2,2,2,1,1,1,1,2,1,1,1,0,2
840,0.5681818181818182,1,0,0,1,4,5,0,0,0,0,1,0,0,3,0,1,1,2,1,1,0,0,2
841,0.4090909090909091,1,1,0,0,4,4,1,1,1,0,1,1,0,1,1,1,2,2,1,0,0,1,2
842,0.29545454545454547,0,0,1,1,4,1,0,1,2,2,1,1,0,1,1,1,2,2,0,0,0,0,2
843,0.38636363636363635,1,0,0,0,4,5,0,1,0,1,2,0,0,0,0,1,1,0,1,1,0,0,2
844,0.34090909090909094,1,0,1,0,0,2,0,0,2,0,1,1,2,1,1,1,1,1,1,1,0,0,2
845,0.4318181818181818,1,0,0,0,4,2,0,1,0,1,0,0,0,0,2,2,1,0,1,1,1,0,2
846,0.36363636363636365,1,0,0,1,4,1,0,1,0,0,2,0,2,0,0,1,1,0,1,1,0,0,2
847,0.4090909090909091,1,1,0,1,4,0,0,1,1,0,1,1,0,4,1,1,2,0,1,1,2,0,2
848,0.5,1,1,1,1,4,0,1,1,1,2,1,1,2,4,1,1,2,2,1,1,2,0,2
849,0.5,1,0,0,0,3,5,0,1,2,2,2,2,2,0,1,1,1,1,1,0,0,0,2
850,0.5454545454545454,1,0,0,1,4,0,1,1,1,2,1,1,0,2,0,1,0,0,1,0,0,0,2
851,0.11363636363636365,1,0,1,0,0,2,1,1,2,2,1,0,2,0,0,1,0,1,1,1,0,0,1
852,0.06818181818181818,1,0,1,0,1,4,0,0,1,0,1,1,2,2,0,1,1,1,1,0,0,0,1
853,0.18181818181818182,1,0,0,0,4,4,1,1,1,0,1,1,0,3,2,0,1,1,1,0,0,0,1
854,0.29545454545454547,1,0,1,0,0,4,0,1,0,1,1,1,0,0,0,1,1,1,1,1,0,0,2
855,0.1590909090909091,1,0,1,0,0,5,0,1,2,2,2,2,2,4,1,1,1,2,0,2,2,0,1
856,0.75,1,0,0,0,1,5,1,1,2,2,2,2,2,4,1,1,2,2,1,1,2,0,2
857,0.13636363636363635,1,0,0,0,0,4,0,1,0,1,0,1,2,2,1,1,1,2,1,0,0,0,1
858,0.34090909090909094,1,0,0,0,0,1,0,1,1,0,1,1,0,0,0,1,1,2,1,1,1,0,2
859,0.3181818181818182,1,0,1,1,3,4,0,0,1,0,1,1,1,0,2,0,1,0,1,1,1,0,2
860,0.3181818181818182,1,0,1,1,3,4,0,0,1,0,1,1,1,0,2,0,1,0,1,1,1,0,2
861,0.18181818181818182,1,1,0,1,3,0,1,1,1,1,0,0,0,1,1,1,2,2,0,0,2,0,1
862,0.11363636363636365,1,0,0,0,1,1,0,0,0,0,0,0,0,0,0,1,1,1,0,0,0,0,1
863,0.34090909090909094,1,0,1,1,2,4,1,1,1,2,1,1,0,3,2,1,1,2,1,0,1,0,2
864,0.6363636363636364,1,0,0,1,3,5,0,0,2,2,2,2,2,2,2,0,0,0,1,0,2,0,2
865,0.36363636363636365,1,0,0,0,0,4,1,1,1,0,1,1,1,1,2,0,0,0,1,2,1,1,2
866,0.38636363636363635,1,0,1,1,4,4,0,1,2,2,1,1,0,2,0,0,1,1,1,1,0,0,2
867,0.4772727272727273,1,0,0,0,0,0,1,1,1,2,1,1,0,3,0,0,1,2,0,0,1,0,2
868,0.3181818181818182,1,1,0,0,4,0,1,1,1,2,1,1,2,2,1,1,1,1,0,0,1,0,2
869,0.5681818181818182,1,1,0,0,0,5,1,1,0,0,1,0,0,0,1,1,1,2,1,0,0,0,2
870,0.8409090909090909,1,0,0,1,3,5,1,1,2,2,0,2,2,2,1,1,2,2,2,2,2,0,2
871,0.3181818181818182,0,0,1,1,4,1,0,1,0,0,1,1,0,1,0,1,1,1,1,2,0,1,2
872,0.5227272727272727,1,0,0,0,0,2,0,0,2,2,2,2,2,0,0,0,1,1,1,2,1,1,2
873,0.4772727272727273,1,0,0,0,0,5,1,1,0,1,0,0,0,0,1,1,1,2,1,1,0,0,2
874,0.4318181818181818,1,0,1,0,0,3,0,0,2,2,1,1,2,4,0,1,0,0,1,1,1,0,2
875,0.2727272727272727,1,1,1,1,4,4,1,1,0,1,1,0,0,3,2,1,0,0,1,0,0,0,1
876,0.29545454545454547,1,0,0,0,0,2,0,1,2,0,2,1,2,2,0,1,1,1,1,0,1,0,2
877,0.25,1,0,0,0,0,5,0,0,0,1,1,0,0,0,0,1,0,1,1,0,0,0,1
878,0.11363636363636365,0,0,1,0,1,5,0,0,1,0,1,2,0,2,2,0,0,0,1,0,0,0,1
879,0.29545454545454547,1,0,0,1,1,2,0,1,2,2,1,0,2,4,0,1,0,0,1,1,0,0,2
880,0.25,1,0,1,1,4,2,0,1,0,1,0,0,0,0,0,1,1,1,1,1,2,0,1
881,0.2727272727272727,1,0,0,0,1,2,1,1,2,2,0,0,2,4,1,1,1,2,0,0,2,0,1
882,0.4318181818181818,1,0,0,0,1,3,1,1,2,0,2,0,0,0,0,1,1,2,1,1,2,1,2
883,0.4090909090909091,1,1,0,0,1,0,0,1,2,0,1,0,0,1,1,1,1,2,2,2,2,0,2
884,0.38636363636363635,1,0,1,1,4,2,1,1,2,2,1,0,0,0,0,0,1,0,1,0,1,0,2
885,0.5227272727272727,1,0,1,0,1,3,1,0,0,0,1,1,0,0,0,1,0,0,1,1,0,0,2
886,0.29545454545454547,1,0,0,1,3,4,0,1,0,1,1,1,0,0,1,1,1,2,1,1,0,0,2
887,0.4545454545454546,1,0,1,0,0,3,0,0,2,2,2,2,0,2,1,1,1,2,1,0,1,0,2
888,0.18181818181818182,1,1,0,0,0,1,0,1,1,0,1,1,2,4,1,1,1,2,1,1,2,0,1
889,0.4772727272727273,1,0,1,0,4,5,0,1,2,0,2,2,0,0,0,0,1,2,0,0,0,1,2
890,0.5454545454545454,1,1,1,0,4,4,1,0,2,1,0,2,0,0,0,0,1,0,1,0,0,0,2
891,0.3181818181818182,1,1,1,1,3,0,1,1,1,2,1,1,0,3,2,1,1,0,1,0,0,0,2
892,0.25,1,0,1,0,0,1,0,1,0,1,0,0,0,0,1,1,1,2,1,1,0,0,1
893,0.2727272727272727,1,0,1,0,1,1,0,1,2,0,0,2,0,3,2,2,1,0,0,0,1,0,1
894,0.5,1,0,1,1,2,3,1,1,0,1,1,0,0,0,0,0,1,1,1,2,0,0,2
895,0.75,1,0,0,0,0,1,0,0,0,1,1,0,0,1,1,1,1,2,1,1,0,0,2
896,0.34090909090909094,1,0,0,0,1,5,0,1,2,2,2,2,2,2,1,1,1,2,1,1,2,0,2
897,0.36363636363636365,1,1,0,1,4,0,1,1,1,1,1,1,2,1,0,0,1,1,1,1,0,0,2
898,0.7272727272727273,1,1,0,0,1,0,1,1,1,2,1,1,2,2,1,1,1,2,1,0,2,0,2
899,0.13636363636363635,1,0,0,0,4,2,1,1,0,0,1,0,0,2,1,1,1,2,1,0,1,0,1
900,0.1590909090909091,1,0,1,1,3,2,0,0,1,0,1,1,0,0,2,0,0,0,1,0,1,0,1
901,0.5681818181818182,1,0,1,1,3,2,0,1,1,0,1,1,0,3,2,2,1,0,1,1,1,1,2
902,0.1590909090909091,0,1,0,1,2,0,0,1,2,2,2,2,2,4,0,0,1,1,1,1,2,1,1
903,0.13636363636363635,1,1,0,0,0,0,1,1,1,2,1,1,2,4,1,1,0,0,1,0,2,0,1
904,0.75,1,1,0,0,1,0,0,1,1,2,1,1,2,1,1,1,1,1,0,0,0,0,2
905,0.7045454545454546,1,0,1,1,4,5,0,1,2,2,1,2,2,1,2,0,0,0,1,0,1,1,2
906,0.2727272727272727,1,0,0,0,0,5,1,1,2,0,2,2,0,0,2,0,0,0,1,1,0,0,1
907,0.1590909090909091,0,0,1,1,4,5,0,1,2,2,2,1,0,0,2,2,0,0,1,1,1,0,1
908,0.4090909090909091,1,0,0,1,3,3,1,1,2,2,0,0,0,0,0,1,0,0,1,0,0,0,2
909,0.6818181818181819,1,0,0,1,1,5,0,1,2,2,2,2,2,0,0,0,2,2,1,0,2,1,2
910,0.6818181818181819,1,0,0,1,4,4,0,1,1,0,1,1,0,2,2,1,1,0,1,0,1,1,2
911,0.7727272727272727,1,0,0,1,3,4,1,1,2,2,1,2,0,0,0,0,1,0,1,1,0,0,2
912,0.13636363636363635,0,0,1,1,2,4,1,1,1,0,1,1,0,4,1,1,2,2,1,1,0,0,1
913,0.34090909090909094,1,0,1,1,4,2,0,1,0,2,1,2,0,2,1,1,2,2,1,1,0,0,2
914,0.1590909090909091,0,0,1,1,4,4,0,1,2,2,1,1,2,2,1,1,1,2,1,1,0,0,1
915,0.2727272727272727,1,0,0,1,4,2,0,1,1,0,1,1,0,1,2,0,1,0,1,0,1,0,1
916,0.2727272727272727,1,1,0,0,1,0,1,1,1,2,1,1,2,2,0,0,1,1,0,0,0,0,1
917,0.36363636363636365,1,1,0,1,4,0,1,1,1,0,1,1,2,1,1,1,1,1,1,1,2,0,2
918,0.29545454545454547,1,0,0,0,0,5,1,1,2,2,2,2,2,4,1,1,1,2,0,2,2,0,2
919,0.09090909090909091,0,0,1,1,2,5,0,1,0,1,1,0,0,0,2,2,0,0,1,1,0,0,1
920,0.2272727272727273,1,0,1,0,4,4,0,1,0,1,1,0,0,2,1,1,1,2,1,2,0,0,1
921,0.38636363636363635,1,0,1,1,3,2,0,0,2,2,1,2,2,1,0,1,1,1,1,1,1,0,2
922,0.2272727272727273,1,0,1,1,4,2,0,0,2,0,1,1,0,0,0,0,1,1,1,1,2,0,1
923,0.5454545454545454,1,0,0,1,4,5,0,0,1,2,0,1,2,1,2,0,1,1,1,2,1,1,2
924,0.34090909090909094,1,0,1,0,0,3,0,1,2,0,0,0,0,4,1,1,2,2,2,2,2,0,2
925,0.25,1,0,0,0,4,5,0,1,2,0,2,1,0,0,2,0,0,0,1,1,0,0,1
926,0.5681818181818182,1,0,1,0,4,3,0,0,2,1,1,0,0,0,0,1,0,1,1,0,1,0,2
927,0.25,1,0,0,0,0,2,0,1,2,2,2,2,0,2,1,1,1,1,0,0,2,0,1
928,0.1590909090909091,1,0,0,0,0,1,1,1,2,0,1,1,2,0,1,1,2,2,0,0,0,0,1
929,0.29545454545454547,1,0,1,0,1,1,0,1,0,0,0,0,0,4,1,1,1,2,1,1,0,0,2
930,0.38636363636363635,0,0,1,1,4,4,0,0,2,1,2,2,2,1,0,0,1,2,1,0,2,0,2
931,0.36363636363636365,1,0,0,0,2,0,0,1,0,0,1,2,0,4,1,1,1,2,1,0,2,0,2
932,0.5681818181818182,1,0,0,1,4,1,1,1,2,2,1,2,2,3,2,0,1,0,1,0,1,1,2
933,0.4545454545454546,1,0,1,1,4,1,0,1,1,1,1,1,0,3,2,2,0,1,1,0,1,0,2
934,0.18181818181818182,1,0,1,1,4,5,0,1,0,1,1,2,2,3,0,1,1,1,2,2,1,1,1
935,0.4545454545454546,1,1,1,1,3,0,1,0,1,0,1,1,2,3,0,1,0,0,1,1,1,0,2
936,0.5454545454545454,1,0,0,1,2,4,0,1,0,0,1,0,0,0,2,0,0,0,1,0,0,0,2
937,0.34090909090909094,1,0,1,1,0,4,0,1,0,0,1,0,0,0,1,1,2,2,0,0,2,1,2
938,0.3181818181818182,1,0,0,1,3,5,0,1,2,2,2,2,2,2,0,1,1,1,1,1,0,0,2
939,0.5909090909090909,1,0,1,1,4,4,1,1,2,2,2,2,2,1,0,0,1,2,1,0,1,0,2
940,0.2272727272727273,1,0,1,1,3,5,0,1,2,2,0,0,0,0,0,1,1,0,1,1,1,0,1
941,0.5,1,0,1,1,4,5,1,1,2,2,2,2,2,3,2,1,1,1,1,0,0,1,2
942,0.29545454545454547,0,0,1,1,4,3,0,1,2,2,1,0,2,2,0,1,1,2,1,1,2,0,2
943,0.3181818181818182,1,0,1,0,4,1,0,1,2,2,2,2,0,0,2,1,1,0,1,1,0,0,2
944,0.2272727272727273,1,0,1,1,4,5,0,1,0,0,0,0,0,2,0,1,1,0,1,0,1,0,1
945,0.4772727272727273,1,0,1,1,2,2,0,1,2,2,1,1,2,0,2,1,1,0,1,1,1,0,2
946,0.6136363636363636,1,0,0,0,0,5,0,0,2,2,2,2,0,0,1,1,1,1,1,1,2,0,2
947,0.5681818181818182,1,0,0,1,3,5,0,1,2,2,2,2,0,2,1,1,2,2,0,2,2,0,2
948,0.38636363636363635,1,0,0,1,4,5,0,1,2,2,0,2,0,3,0,0,1,1,1,1,0,0,2
949,0.5,1,0,1,1,4,4,0,1,2,2,0,0,2,4,0,1,1,1,1,1,0,0,2
950,0.36363636363636365,1,0,0,1,3,2,0,1,1,2,1,1,2,4,1,1,2,2,0,0,2,0,2
951,0.13636363636363635,1,0,1,1,2,2,0,0,0,2,1,1,1,2,2,0,1,2,1,0,1,1,1
952,0.9318181818181819,1,1,0,1,4,0,1,1,1,0,1,1,0,3,2,0,1,2,1,0,1,1,2
953,0.4090909090909091,0,0,1,1,3,4,0,1,0,0,1,0,0,0,2,0,1,0,1,1,0,0,2
954,0.4545454545454546,1,0,0,0,0,4,0,1,1,0,1,1,2,0,0,1,1,2,0,0,0,0,2
955,0.34090909090909094,1,0,1,1,2,2,0,1,0,1,2,1,2,2,1,1,1,2,2,2,2,0,2
956,0.2727272727272727,1,0,1,0,1,5,0,0,0,0,1,0,0,0,2,0,0,0,1,1,1,0,1
957,0.36363636363636365,1,1,1,1,3,0,1,1,2,2,2,2,2,4,1,1,2,1,1,0,2,0,2
958,0.18181818181818182,1,0,0,1,3,5,0,1,2,1,0,0,0,0,1,1,1,1,1,0,1,0,1
959,0.34090909090909094,1,0,0,0,0,5,0,1,0,1,0,0,0,0,1,1,1,2,0,0,0,0,2
960,0.3181818181818182,1,0,0,0,0,4,0,1,0,0,1,1,0,4,1,1,0,2,1,0,1,0,2
961,0.1590909090909091,1,1,0,0,4,4,1,1,1,2,1,1,2,2,1,1,1,2,2,2,2,0,1
962,0.38636363636363635,1,1,0,1,4,2,1,0,0,0,1,1,0,1,2,0,2,0,1,0,0,0,2
963,0.13636363636363635,1,1,1,0,2,0,1,1,0,1,1,1,0,0,0,1,1,1,1,0,0,0,1
964,0.8181818181818182,1,0,0,1,2,5,0,0,2,2,2,2,0,2,2,0,0,1,1,0,1,1,2
965,0.34090909090909094,1,1,1,1,4,0,1,1,1,2,1,1,1,3,2,0,1,1,1,0,1,1,2
966,0.18181818181818182,0,1,1,1,4,0,1,1,1,0,1,1,0,4,0,1,1,2,1,0,2,0,1
967,0.1590909090909091,1,0,0,0,1,4,1,1,0,1,0,0,0,4,1,1,2,2,1,1,0,0,1
968,0.6136363636363636,1,0,1,0,3,1,0,0,0,0,1,1,0,0,0,1,1,0,1,0,0,0,2
969,0.34090909090909094,0,1,0,1,4,0,1,1,1,2,2,2,2,4,1,1,1,2,1,1,0,0,2
970,0.5681818181818182,1,0,0,0,4,5,1,1,1,1,1,1,0,3,2,0,0,0,1,0,1,1,2
971,0.2727272727272727,1,1,0,1,4,4,0,1,1,2,1,1,1,3,2,2,0,0,1,1,2,1,1
972,0.5,1,0,1,1,3,4,0,1,0,1,1,0,0,0,1,1,2,2,1,0,0,0,2
973,0.7045454545454546,1,0,1,0,1,5,0,1,2,2,2,2,2,0,1,1,2,2,1,1,2,0,2
974,0.25,1,0,0,0,0,4,0,1,0,1,1,1,0,2,1,1,1,2,0,2,0,0,1
975,0.18181818181818182,1,0,0,0,0,3,0,1,0,0,0,0,0,0,1,1,1,1,0,0,0,0,1
976,0.4545454545454546,1,0,0,0,1,5,0,1,2,2,2,2,2,2,0,0,1,1,1,0,1,1,2
977,0.20454545454545456,1,0,1,0,0,3,0,0,2,2,0,1,2,2,0,0,0,1,1,0,0,1,1
978,0.18181818181818182,1,0,0,0,1,4,0,1,2,0,1,1,1,2,0,1,0,0,1,1,0,0,1
979,0.2272727272727273,1,0,1,1,2,2,0,1,1,0,1,1,0,2,0,0,2,2,1,1,1,0,1
980,0.5,1,0,1,1,4,0,1,1,1,0,1,1,0,0,0,0,1,2,1,0,1,0,2
981,0.4318181818181818,0,1,1,1,3,0,1,1,1,2,1,1,2,2,2,0,1,1,0,0,0,1,2
982,0.36363636363636365,0,0,1,1,2,2,1,0,2,2,1,2,1,2,2,2,1,0,1,1,0,0,2
983,0.2272727272727273,1,0,1,1,2,1,0,1,0,1,1,0,0,0,0,1,1,1,1,2,0,0,1
984,0.20454545454545456,1,0,0,0,1,2,0,1,2,1,2,1,2,4,1,1,2,2,0,0,2,0,1
985,0.25,1,0,0,1,4,4,1,1,1,0,1,1,0,4,1,1,2,2,1,2,2,0,1
986,0.4772727272727273,0,0,1,0,3,3,1,1,0,1,1,1,0,1,2,2,0,0,1,1,1,1,2
987,0.2272727272727273,1,0,0,0,2,4,0,1,1,0,1,1,1,1,2,1,0,0,1,2,2,0,1
988,0.11363636363636365,1,0,1,0,4,2,0,1,2,1,2,2,2,2,1,1,0,0,1,0,0,0,1
990,0.4545454545454546,1,0,0,0,0,0,1,1,1,0,1,1,2,2,1,1,1,2,1,1,0,0,2
991,0.022727272727272728,1,0,0,0,0,4,0,1,2,0,1,2,0,4,1,1,2,2,1,1,2,0,0
992,0.2727272727272727,0,0,1,1,4,2,0,1,2,2,2,0,2,4,1,1,1,0,1,1,2,0,1
993,0.2272727272727273,1,1,0,0,0,0,1,1,1,2,1,1,2,4,0,0,0,0,1,1,2,0,1
994,0.045454545454545456,1,0,0,1,4,2,0,1,0,0,1,1,0,0,2,1,0,0,1,0,2,0,0
995,0.38636363636363635,1,1,0,0,4,0,0,1,0,1,1,0,0,2,1,1,1,2,1,1,0,0,2
996,0.4772727272727273,1,0,0,1,3,1,1,1,2,2,1,1,2,4,0,1,1,2,1,1,0,0,2
997,0.29545454545454547,0,0,1,0,1,5,0,0,2,1,1,0,0,0,2,2,0,0,1,1,0,0,2
998,0.3181818181818182,1,0,0,0,3,3,0,1,1,0,1,1,0,0,2,1,0,0,1,1,0,0,2
999,0.20454545454545456,1,0,0,0,0,4,0,1,1,0,1,1,0,0,1,1,0,0,1,1,0,0,1
1000,0.1590909090909091,1,0,1,1,2,4,1,1,2,2,1,0,2,2,1,1,2,2,0,0,0,0,1
1001,0.5454545454545454,1,0,1,1,4,4,1,1,0,0,1,0,0,0,0,1,1,2,1,0,0,0,2
1002,0.36363636363636365,1,0,1,1,2,1,0,1,2,2,1,1,2,4,1,1,2,2,0,0,0,0,2
1003,0.18181818181818182,0,0,0,1,4,2,1,1,0,0,1,0,0,0,0,1,1,0,0,0,0,1,1
1004,0.38636363636363635,1,0,1,1,4,0,0,1,1,2,1,1,2,4,2,2,1,1,1,0,2,1,2
1005,0.36363636363636365,1,0,0,0,1,3,0,1,0,0,1,0,0,4,0,1,2,2,1,1,2,0,2
1006,0.4545454545454546,1,0,1,1,4,1,1,0,2,2,1,2,2,4,1,1,2,2,2,2,0,0,2
1007,0.36363636363636365,1,0,0,0,4,1,0,1,0,0,1,1,0,0,2,1,1,0,1,0,0,0,2
1008,0.4772727272727273,1,0,1,1,4,4,1,1,1,2,1,1,2,2,1,1,1,2,0,2,2,0,2
1009,0.5909090909090909,0,0,0,0,0,1,0,1,0,1,1,1,0,0,2,1,0,0,1,1,0,0,2
1010,0.5,1,0,0,0,0,5,0,0,2,2,2,2,2,0,0,1,0,2,1,1,0,0,2
1011,0.34090909090909094,0,1,0,0,1,0,1,1,1,2,0,0,2,2,0,1,0,1,1,1,2,0,2
1012,0.13636363636363635,0,0,1,0,4,5,0,0,2,2,1,0,0,1,2,0,1,1,1,1,1,1,1
1013,0.4545454545454546,0,0,1,0,4,2,1,1,0,1,0,0,0,0,1,1,1,2,1,1,0,0,2
1014,0.29545454545454547,1,0,0,0,4,5,0,1,2,1,2,2,2,0,2,0,1,1,1,0,2,0,2
1015,0.11363636363636365,1,0,0,0,0,1,0,1,0,1,1,1,2,4,0,1,1,2,0,2,0,0,1
1016,0.18181818181818182,0,0,0,0,0,4,0,1,0,1,1,1,0,2,1,1,2,2,1,0,2,0,1
1017,0.6363636363636364,2,0,0,1,2,5,0,0,2,2,2,2,0,0,2,1,1,1,1,1,1,1,2
1018,0.2727272727272727,1,0,1,1,4,2,1,1,2,0,1,1,0,0,0,1,1,0,1,0,0,0,1
1019,0.1590909090909091,1,0,0,0,3,2,1,1,0,0,1,1,0,2,2,1,1,1,1,2,0,1,1
1020,0.022727272727272728,1,0,0,0,1,2,1,1,0,0,1,1,0,2,1,1,1,1,1,0,1,0,0
1021,0.2727272727272727,0,0,1,1,4,3,0,0,2,2,2,2,2,2,0,0,1,1,1,1,1,1,1
1022,0.3181818181818182,1,0,0,0,1,4,0,1,2,2,2,2,0,2,1,1,2,2,1,0,2,0,2
1023,0.3181818181818182,1,0,0,0,0,4,0,1,1,0,1,1,0,0,0,0,0,0,1,0,0,0,2
1024,0.4318181818181818,1,0,1,0,4,2,1,1,0,0,1,1,0,2,0,1,1,1,1,0,1,0,2
1025,0.5454545454545454,1,0,1,1,4,4,1,1,0,0,1,0,0,0,0,0,1,1,1,1,0,0,2
1026,0.1590909090909091,0,0,0,0,1,5,0,1,2,2,2,2,0,0,0,1,1,2,0,1,2,0,1
1027,0.022727272727272728,1,0,0,0,4,0,0,1,0,1,1,1,0,0,1,1,1,2,0,0,0,0,0
1028,0.5,0,0,1,0,1,1,1,1,2,2,2,1,0,0,2,2,0,0,1,1,0,0,2
1029,0.36363636363636365,1,0,0,0,0,5,0,0,2,1,2,0,0,0,0,0,1,2,1,1,0,0,2
1030,0.18181818181818182,1,0,1,0,0,4,0,1,0,1,1,1,0,0,1,1,1,2,1,1,2,0,1
1031,0.29545454545454547,1,0,1,1,3,4,0,1,0,1,0,0,2,0,1,1,2,2,0,0,2,0,2
1032,0.5,1,0,1,0,4,5,1,0,2,1,2,0,0,0,2,0,1,1,1,0,1,0,2
1033,0.29545454545454547,0,0,1,1,2,2,0,1,1,0,1,1,1,3,2,1,0,0,1,2,1,1,2
1034,0.4090909090909091,1,0,0,0,1,1,0,0,0,0,1,0,0,0,2,0,0,0,1,0,0,1,2
1035,0.38636363636363635,1,0,1,0,4,4,1,1,1,2,1,1,0,0,0,1,0,1,1,1,0,0,2
1036,0.18181818181818182,1,0,1,1,4,2,1,1,1,0,1,1,2,0,1,1,2,2,1,0,2,0,1
1037,0.5909090909090909,1,0,0,0,0,5,1,0,0,0,0,0,2,0,2,1,1,0,1,1,1,0,2
1038,0.36363636363636365,0,0,0,0,4,0,0,1,1,1,1,1,0,4,1,1,1,2,1,0,2,0,2
1039,0.38636363636363635,1,0,0,0,0,4,1,1,1,0,1,1,0,0,1,1,0,0,1,1,0,0,2
1040,0.2272727272727273,0,0,1,1,4,2,1,1,0,0,1,1,0,2,2,1,1,1,1,0,1,0,1
1041,0.34090909090909094,1,0,0,0,0,4,1,1,2,0,0,2,2,0,1,1,1,2,1,1,2,0,2
1042,0.5,1,0,1,1,4,5,1,1,2,2,1,2,0,0,2,1,0,0,1,0,0,0,2
1043,0.18181818181818182,1,0,0,1,4,4,0,1,2,2,1,1,2,0,0,1,1,0,1,0,0,0,1
1044,0.25,0,0,0,1,2,5,0,0,2,2,1,1,0,0,0,1,1,0,1,2,1,1,1
1045,0.18181818181818182,0,0,1,1,4,1,0,1,2,1,1,1,2,0,0,1,1,0,1,0,0,0,1
1046,0.34090909090909094,1,0,1,1,4,4,0,1,1,1,1,1,0,2,1,1,1,2,1,1,0,0,2
1047,0.2272727272727273,1,0,1,0,4,1,0,1,1,0,1,1,0,2,1,1,1,1,1,1,0,1,1
1048,0.5227272727272727,1,1,0,1,2,0,1,0,1,2,2,2,2,3,1,1,1,1,1,1,2,1,2
1049,0.4772727272727273,1,1,1,1,4,0,1,1,1,2,2,2,2,1,1,1,2,2,1,0,2,1,2
1050,0.18181818181818182,0,0,1,1,4,5,0,1,2,2,1,1,0,0,1,1,1,2,1,0,1,1,1
1051,0.11363636363636365,0,0,1,0,4,2,0,0,1,0,1,1,0,1,2,1,0,1,1,0,1,0,1
1052,0.38636363636363635,1,0,1,1,2,5,0,1,0,1,1,1,2,4,1,1,1,1,1,0,1,0,2
1053,0.4090909090909091,1,0,0,0,1,0,1,1,0,1,0,0,0,4,1,1,1,1,1,1,0,0,2
1054,0.5454545454545454,1,0,0,0,3,5,0,0,0,0,1,0,0,0,0,1,1,0,1,0,1,0,2
1055,0.4772727272727273,1,0,1,1,4,3,0,1,2,2,1,0,2,4,1,1,1,2,1,1,2,0,2
1056,0.20454545454545456,1,0,0,0,1,4,0,1,0,0,1,0,0,0,0,1,1,2,0,0,0,0,1
1057,0.34090909090909094,1,1,0,0,1,4,1,1,0,0,1,1,1,4,0,1,1,2,1,0,2,0,2
1058,0.29545454545454547,1,0,1,1,2,5,0,1,2,1,0,0,0,0,0,1,1,0,1,0,0,0,2
1059,0.2272727272727273,0,0,0,1,3,4,0,1,2,2,0,2,2,4,1,1,1,1,1,2,0,0,1
1060,0.25,0,0,0,1,2,5,1,0,2,0,1,1,0,2,1,1,1,2,0,0,0,0,1
1061,0.20454545454545456,1,0,0,1,4,1,0,1,0,1,1,1,2,3,0,1,1,0,1,0,1,0,1
1062,0.5909090909090909,1,1,0,0,1,0,1,1,0,0,1,1,2,1,1,1,0,0,1,1,0,0,2
1063,0.1590909090909091,1,0,0,1,2,4,1,1,0,0,1,1,0,2,0,1,1,0,1,0,0,0,1
1064,0.13636363636363635,1,0,1,1,4,4,0,1,1,0,1,1,0,2,0,1,2,2,1,1,0,0,1
1065,0.1590909090909091,1,0,1,1,2,4,0,0,0,0,1,1,2,0,1,1,1,2,1,0,1,1,1
1066,0.36363636363636365,1,0,0,0,1,4,1,1,2,1,0,0,0,2,0,0,0,1,1,0,0,0,2
1067,0.18181818181818182,1,0,0,0,1,5,0,0,2,2,1,0,0,1,0,1,0,2,1,1,0,0,1
1068,0.6818181818181819,1,0,0,0,1,2,0,0,2,2,2,2,2,0,0,1,1,2,1,0,0,0,2
1069,0.36363636363636365,1,0,0,0,0,2,1,1,1,0,1,1,0,3,2,0,1,0,1,0,1,0,2
1070,0.4772727272727273,0,0,0,1,4,4,1,1,1,0,1,1,0,0,0,0,1,1,1,0,1,0,2
1071,0.5681818181818182,1,0,0,0,4,5,1,1,2,1,1,2,0,0,0,1,0,0,1,1,0,0,2
1072,0.5227272727272727,1,0,0,0,3,5,0,1,2,2,2,2,0,0,0,0,1,0,1,1,2,1,2
1073,0.1590909090909091,1,0,0,0,1,5,0,0,0,0,1,1,0,0,1,1,1,2,1,1,0,0,1
1074,0.29545454545454547,1,0,0,1,4,1,0,1,2,2,1,1,0,2,0,1,1,0,1,0,1,0,2
1075,0.5,1,0,1,1,4,5,0,1,2,2,2,2,2,0,2,2,0,0,1,0,1,1,2
1076,0.5681818181818182,1,1,1,1,4,0,1,1,2,1,1,0,0,0,0,0,1,1,1,0,0,0,2
1077,0.20454545454545456,0,0,1,1,2,5,0,1,2,2,2,2,2,3,0,1,2,1,1,0,1,1,1
1078,0.4318181818181818,0,0,1,1,4,2,1,1,2,2,1,0,0,0,2,0,0,0,1,0,0,0,2
1079,0.3181818181818182,1,1,0,1,4,0,0,1,1,0,1,1,2,3,0,1,1,2,1,0,1,0,2
1080,0.1590909090909091,1,0,1,1,2,0,0,1,1,2,1,1,2,4,0,1,2,2,1,0,1,0,1
1081,0.25,1,0,1,1,2,0,0,1,0,1,0,2,0,3,1,0,2,2,0,1,2,0,1
1082,0.2727272727272727,0,0,1,1,2,5,0,0,2,0,1,1,0,1,2,1,0,0,1,0,1,0,1
1083,0.36363636363636365,0,0,1,1,2,2,0,0,0,0,2,0,0,2,1,1,1,1,1,1,2,0,2
1084,0.3181818181818182,1,0,1,1,4,0,0,0,2,2,2,2,2,2,0,0,1,1,1,0,1,0,2
1085,0.4318181818181818,1,0,0,0,0,4,0,1,0,0,1,1,2,4,1,1,2,2,0,0,2,0,2
1086,0.5227272727272727,1,0,0,1,4,5,0,1,0,0,1,1,0,1,1,1,2,2,1,1,2,0,2
1087,0.4545454545454546,1,0,1,0,1,5,0,0,2,1,2,2,0,0,2,0,1,0,1,1,1,0,2
1088,0.3181818181818182,1,0,0,1,4,2,0,1,2,2,2,0,2,0,1,1,1,2,1,0,0,0,2
1089,0.2272727272727273,0,0,1,1,4,1,0,1,2,2,0,0,0,0,0,1,1,1,1,1,2,0,1
1090,0.29545454545454547,1,1,0,0,1,0,1,1,1,2,1,1,2,4,1,1,1,1,1,0,2,0,2
1091,0.5681818181818182,1,0,1,0,1,1,0,0,2,2,1,0,0,2,0,1,1,1,1,0,1,0,2
1092,0.3181818181818182,1,0,1,1,2,1,0,1,1,2,1,1,0,3,2,1,2,2,1,2,1,0,2
1093,0.1590909090909091,1,0,0,1,4,5,0,1,2,2,2,0,2,0,2,1,0,0,1,1,2,0,1
1094,0.4318181818181818,1,0,0,1,4,1,0,1,2,0,1,2,2,4,1,1,0,2,1,1,2,0,2
1095,0.4090909090909091,1,1,0,1,4,0,0,0,1,2,1,1,1,3,1,1,0,0,1,1,1,1,2
1096,0.13636363636363635,1,0,1,1,3,4,1,1,0,0,1,1,0,4,1,1,2,2,0,2,2,0,1
1097,0.5,1,0,1,1,4,5,0,1,2,1,2,0,0,1,0,1,1,1,1,0,0,1,2
1098,0.25,1,0,0,0,0,5,0,0,0,1,2,0,2,2,1,1,1,2,1,0,2,0,1
1099,0.5681818181818182,1,0,0,0,1,3,0,1,0,0,1,0,0,0,1,1,2,1,1,1,2,0,2
1100,0.25,1,0,0,0,0,4,1,1,2,1,1,2,0,0,0,1,1,2,0,2,0,0,1
1101,0.18181818181818182,1,0,1,0,4,1,0,1,0,1,1,1,0,0,0,1,1,0,1,0,0,0,1
1102,0.34090909090909094,0,1,1,1,2,0,1,1,1,2,1,1,1,3,2,2,0,0,1,0,1,1,2
1103,0.38636363636363635,0,0,1,0,4,4,1,1,0,0,1,1,0,2,1,1,2,1,1,1,2,0,2
1104,0.6136363636363636,1,0,0,0,1,4,1,1,2,0,1,1,0,0,2,0,1,0,1,0,0,0,2
1105,0.1590909090909091,1,0,0,1,3,4,1,1,1,2,1,0,0,2,0,1,0,1,1,0,0,0,1
1106,0.7272727272727273,1,1,0,1,4,2,1,1,1,0,1,1,0,0,0,0,1,2,1,1,0,0,2
1107,0.18181818181818182,1,0,1,1,3,2,0,1,1,0,0,0,0,4,1,1,2,2,0,2,2,0,1
1108,0.34090909090909094,0,0,0,1,2,5,0,1,2,2,0,0,0,0,2,1,0,0,1,0,0,0,2
1109,0.2727272727272727,1,0,0,0,2,4,0,1,1,0,1,1,1,4,0,0,1,1,0,0,0,0,1
1110,0.34090909090909094,1,0,1,1,4,4,1,1,2,2,1,0,2,4,1,1,1,2,0,0,2,0,2
1111,0.25,1,0,0,1,2,4,0,1,2,0,1,1,2,2,0,0,2,1,1,2,1,0,1
1112,0.4318181818181818,1,0,0,0,0,4,1,1,1,1,1,1,0,0,0,1,1,0,0,2,0,0,2
1113,0.1590909090909091,1,0,1,1,4,0,1,1,0,0,0,0,0,4,1,1,2,2,0,2,0,0,1
1114,0.5,1,0,0,0,0,5,0,0,2,1,0,0,0,2,0,1,1,1,1,0,0,0,2
1115,0.13636363636363635,1,0,0,0,4,2,0,1,2,2,1,1,2,0,0,1,0,0,1,0,0,1,1
1116,0.5,1,0,0,1,1,1,0,1,0,1,1,0,0,4,0,1,2,1,1,0,0,0,2
1117,0.6363636363636364,1,0,1,1,4,4,0,1,0,2,1,0,0,0,2,0,0,1,1,0,0,0,2
1118,0.4545454545454546,1,0,1,1,3,5,0,0,2,2,2,2,2,2,2,1,0,2,1,2,0,0,2
1119,0.36363636363636365,1,0,0,0,1,0,1,1,1,2,1,1,0,0,2,2,0,0,1,1,0,0,2
1120,0.3181818181818182,1,1,0,1,3,0,0,1,1,2,2,2,2,4,1,1,1,2,1,2,1,1,2
1121,0.5909090909090909,1,0,0,1,4,5,0,0,1,0,1,2,0,0,0,1,1,1,1,1,1,0,2
1122,0.34090909090909094,0,0,0,1,1,1,0,1,0,1,1,0,0,4,0,1,1,1,1,0,1,0,2
1123,0.6136363636363636,0,0,0,1,3,2,0,0,0,0,0,0,0,0,1,1,1,1,1,0,0,0,2
1124,0.38636363636363635,1,0,0,0,0,4,0,1,0,1,0,0,2,0,1,1,0,0,1,1,2,0,2
1125,0.18181818181818182,1,1,1,1,2,0,0,1,1,0,1,1,0,0,0,1,2,2,0,2,1,1,1
1126,0.045454545454545456,0,0,0,1,4,2,1,1,0,1,0,0,0,0,1,1,1,1,0,0,0,0,0
1128,0.4318181818181818,1,0,1,0,4,4,0,1,1,0,1,1,2,2,0,1,1,2,1,0,2,0,2
1129,0.2272727272727273,1,0,0,0,0,5,0,0,2,0,1,1,2,2,0,1,0,0,1,2,1,0,1
1130,0.5454545454545454,0,0,1,1,4,2,0,0,2,2,1,1,0,0,2,1,1,1,1,2,1,0,2
1131,0.3181818181818182,1,0,0,0,0,2,0,1,1,0,1,1,0,0,0,1,0,0,1,1,0,1,2
1132,0.4090909090909091,0,0,1,1,3,5,1,1,2,2,1,1,2,2,0,0,1,0,1,1,0,0,2
1133,0.20454545454545456,1,0,0,0,3,2,0,1,1,2,1,2,1,1,2,1,0,0,1,0,1,1,1
1134,0.20454545454545456,1,0,0,0,3,2,0,1,1,2,1,2,1,1,2,1,0,0,1,0,1,1,1
1135,0.20454545454545456,1,0,0,1,4,5,0,0,1,0,1,1,2,2,0,1,2,2,0,0,1,0,1
1136,0.1590909090909091,1,0,1,1,4,2,1,1,1,0,1,1,2,4,1,1,1,2,1,0,2,0,1
1137,0.5227272727272727,1,0,1,0,0,4,0,1,1,0,1,1,0,1,0,0,1,1,0,0,0,0,2
1138,0.11363636363636365,1,0,1,1,4,4,0,1,0,1,1,1,0,2,0,1,0,0,1,1,0,0,1
1139,0.06818181818181818,1,0,0,1,4,5,0,0,0,0,1,0,0,0,0,1,1,0,1,1,0,0,1
1140,0.18181818181818182,1,0,0,1,2,2,0,1,1,2,1,1,2,3,1,1,2,2,2,2,0,0,1
1141,0.25,1,0,0,0,3,5,0,1,0,1,0,0,0,0,0,0,0,0,1,2,0,1,1
1142,0.2272727272727273,1,0,0,0,4,5,0,0,1,0,1,1,0,2,2,0,0,0,1,1,0,1,1
1143,0.20454545454545456,0,0,1,0,0,5,0,0,1,2,1,1,2,0,0,1,0,0,1,2,2,0,1
1144,0.11363636363636365,1,0,0,0,1,5,0,0,1,2,2,2,2,1,1,1,2,2,1,2,2,0,1
1145,0.18181818181818182,0,0,1,0,4,2,1,1,0,0,1,1,0,0,0,1,0,0,1,1,0,0,1
1146,0.4545454545454546,1,0,1,1,4,0,0,1,1,1,0,0,0,4,1,1,1,2,0,2,0,0,2
1147,0.4772727272727273,1,0,1,1,4,5,0,0,1,0,1,1,2,4,0,0,1,2,0,0,2,0,2
1148,0.38636363636363635,1,0,1,1,2,5,0,0,2,2,1,2,0,2,2,1,0,1,1,2,0,0,2
1149,0.3181818181818182,1,0,0,0,3,4,0,1,2,1,1,0,0,0,0,1,0,1,1,0,0,0,2
1150,0.3181818181818182,1,0,0,1,4,5,0,1,2,2,2,2,2,1,0,0,1,1,1,1,0,1,2
1151,0.18181818181818182,1,0,0,0,1,4,0,1,1,0,1,1,0,0,2,0,1,0,1,0,0,0,1
1152,0.4545454545454546,1,0,1,1,3,1,0,1,0,1,1,0,0,0,1,1,2,2,1,0,1,0,2
1153,0.36363636363636365,0,0,1,0,3,2,0,0,2,2,2,2,2,4,1,1,1,2,0,0,2,0,2
1154,0.4772727272727273,1,0,1,1,2,2,0,0,0,1,1,1,0,2,2,1,1,1,1,0,0,0,2
1155,0.3181818181818182,1,1,0,0,1,4,1,1,0,1,1,1,0,4,1,1,2,2,0,0,2,0,2
1156,0.4318181818181818,1,1,0,0,1,0,1,1,0,1,0,0,0,4,2,2,1,1,1,1,0,0,2
1157,0.29545454545454547,1,0,1,1,1,4,0,1,0,1,1,0,0,2,1,1,1,1,1,1,0,0,2
1158,0.2727272727272727,1,0,1,1,3,4,0,1,1,2,1,1,0,0,1,1,0,0,1,1,0,0,1
1159,0.75,1,0,0,0,1,5,1,1,0,0,1,0,0,0,2,1,0,0,1,1,1,0,2
1160,0.25,1,0,0,1,4,2,0,1,2,2,1,1,0,0,2,1,1,1,1,0,0,0,1
1161,0.29545454545454547,1,0,0,0,1,1,0,1,2,0,1,2,0,0,0,2,1,0,1,1,2,0,2
1162,0.29545454545454547,1,0,0,0,0,2,0,1,0,1,1,1,0,0,2,2,0,0,1,1,0,0,2
1163,0.18181818181818182,1,0,1,1,4,4,1,1,0,0,1,0,0,2,0,1,1,1,0,0,0,0,1
1164,0.6363636363636364,0,0,0,1,2,1,1,0,2,2,1,1,2,0,0,1,1,1,1,0,1,0,2
1165,0.3181818181818182,1,0,1,0,4,5,0,1,2,0,2,0,0,0,0,1,2,2,1,1,0,0,2
1166,0.25,1,0,1,1,4,2,0,0,2,2,2,2,0,0,0,1,1,0,1,0,0,0,1
1167,0.36363636363636365,1,0,0,0,1,5,1,1,0,1,1,1,0,0,0,1,1,1,1,2,0,0,2
1168,0.18181818181818182,1,0,0,0,2,4,0,1,1,0,1,1,1,3,2,1,0,0,1,0,2,0,1
1169,0.3181818181818182,0,0,0,1,4,5,0,1,2,2,1,0,0,0,0,1,1,0,1,1,1,0,2
1170,0.25,1,0,0,0,0,5,0,1,0,1,1,1,0,0,0,1,1,2,0,2,1,0,1
1171,0.2727272727272727,1,0,0,0,0,5,0,0,2,0,2,2,0,0,2,0,0,0,1,1,0,0,1
1172,0.5,0,0,1,1,4,2,0,1,2,2,1,2,2,2,1,1,2,2,1,0,2,1,2
1173,0.11363636363636365,1,0,0,1,4,0,0,1,1,0,1,1,0,3,0,1,2,2,2,2,1,1,1
1174,0.045454545454545456,1,0,0,0,3,2,0,0,1,0,1,1,0,3,2,2,1,0,1,0,1,0,0
1175,0.4545454545454546,1,0,1,0,0,4,0,1,0,0,1,1,0,1,1,1,1,2,1,1,0,1,2
1176,0.18181818181818182,0,0,1,1,3,1,0,1,2,0,1,1,0,0,0,0,0,0,1,0,1,0,1
1177,0.25,1,0,0,0,1,2,0,1,1,0,1,0,0,0,1,1,1,2,1,2,1,1,1
1178,0.5,1,1,0,0,4,0,1,1,1,2,1,1,0,2,1,1,1,1,0,0,0,0,2
1179,0.1590909090909091,0,0,0,1,4,2,1,1,1,0,1,1,0,0,0,0,2,1,0,1,1,0,1
1180,0.3181818181818182,0,0,0,1,4,2,0,1,2,2,1,1,2,0,0,0,1,0,1,1,1,0,2
1181,0.4545454545454546,1,0,1,1,4,5,0,0,2,2,2,2,2,0,0,1,1,0,1,0,1,1,2
1182,1.0,0,0,1,1,1,3,1,0,2,1,0,2,0,2,0,0,1,2,1,1,0,1,3
1183,0.38636363636363635,0,0,1,1,4,0,1,1,1,0,1,1,2,0,0,0,1,1,1,1,2,0,2
1184,0.2272727272727273,0,0,0,1,2,4,0,1,1,2,1,1,0,3,2,0,1,1,1,1,0,0,1
1185,0.20454545454545456,0,0,0,0,1,1,0,0,0,1,0,0,0,0,1,1,1,2,1,1,2,0,1
1186,0.8409090909090909,0,1,0,0,3,0,1,1,0,1,0,0,0,0,0,0,0,0,1,1,0,0,2
1187,0.4545454545454546,1,0,1,1,4,2,1,1,2,0,1,1,0,0,0,1,1,1,1,1,0,0,2
1188,0.29545454545454547,0,0,0,0,0,2,0,1,0,1,1,1,2,4,0,1,1,1,1,1,0,0,2
1189,0.5,1,0,1,1,4,4,0,1,2,2,1,1,2,0,0,1,1,0,1,1,2,0,2
1190,0.5909090909090909,1,0,1,1,4,1,0,1,2,2,1,2,2,0,0,1,1,1,1,1,0,0,2
1191,0.36363636363636365,1,0,1,0,4,5,0,1,2,1,2,2,2,0,0,1,0,0,1,0,0,0,2
1192,0.4318181818181818,1,0,0,0,1,2,1,1,0,0,1,1,0,2,1,1,1,2,1,2,0,0,2
1193,0.4545454545454546,1,0,0,0,1,2,0,1,0,1,0,0,2,0,1,1,1,2,2,0,1,0,2
1194,0.20454545454545456,1,0,0,0,0,2,0,1,0,1,1,1,0,0,1,1,1,2,2,2,0,0,1
1195,0.36363636363636365,0,0,0,1,4,3,0,0,2,2,2,1,2,0,2,2,1,1,1,1,2,0,2
1196,0.38636363636363635,0,0,0,0,3,0,0,1,0,0,1,1,1,0,0,1,1,0,1,0,1,0,2
1197,0.36363636363636365,1,0,0,1,2,4,0,1,1,0,1,1,0,1,2,0,1,2,1,0,1,0,2
1198,0.3181818181818182,1,0,0,1,2,2,1,1,2,1,1,0,0,3,2,0,1,0,1,1,0,0,2
1199,0.1590909090909091,1,0,0,0,0,1,0,1,0,1,1,0,0,0,0,1,1,2,1,1,0,0,1
1200,0.2272727272727273,1,0,0,1,2,1,1,1,1,2,1,1,0,0,2,1,0,0,1,0,1,0,1
1201,0.2272727272727273,0,0,0,1,3,4,0,1,2,0,1,1,0,2,2,2,1,0,1,1,1,1,1
1202,0.29545454545454547,1,1,0,1,0,0,0,1,1,2,1,1,1,0,1,1,2,2,1,0,0,0,2
1203,0.13636363636363635,1,0,0,0,0,1,0,1,0,1,1,1,0,2,0,0,1,2,1,0,0,0,1
1204,0.36363636363636365,1,0,1,1,1,0,1,1,1,0,1,1,0,0,0,1,1,2,1,1,0,0,2
1205,0.3181818181818182,1,0,0,1,4,4,0,1,1,0,1,1,0,2,1,1,1,2,1,0,0,0,2
1206,0.36363636363636365,1,0,1,0,2,2,1,0,0,1,1,1,0,2,0,1,1,2,0,2,2,0,2
1207,0.11363636363636365,1,0,0,1,4,0,0,1,1,2,1,1,1,4,0,0,1,2,1,1,1,0,1
1208,0.34090909090909094,1,0,1,0,2,1,0,1,1,2,1,1,0,2,1,1,1,2,0,0,0,1,2
1209,0.25,1,0,1,1,4,2,0,1,0,1,1,1,0,1,0,1,0,0,1,0,1,0,1
1210,0.13636363636363635,1,0,1,0,0,0,0,1,1,0,1,1,0,0,0,0,0,0,1,1,0,0,1
1211,0.6136363636363636,1,0,0,0,1,5,1,1,0,1,1,1,0,0,2,1,2,1,1,1,1,1,2
1212,0.36363636363636365,0,0,0,1,4,5,0,0,1,2,1,2,2,1,0,0,1,2,1,0,1,1,2
1213,0.29545454545454547,1,0,0,0,4,5,0,1,0,0,1,1,0,3,2,2,1,0,1,0,1,1,2
1214,0.34090909090909094,1,0,0,1,2,2,1,1,2,2,1,1,2,0,0,1,1,0,1,0,0,0,2
1215,0.2272727272727273,1,0,0,0,0,4,0,1,1,1,1,1,0,2,0,0,1,1,1,1,0,0,1
1216,0.20454545454545456,1,0,0,0,3,5,1,0,0,1,1,2,0,0,1,1,1,2,1,1,0,0,1
1217,0.5454545454545454,1,0,0,0,1,2,0,1,1,2,1,1,1,1,2,2,1,1,1,1,1,0,2
1218,0.2272727272727273,1,0,0,0,0,4,0,1,1,1,1,1,0,2,0,0,1,1,1,1,0,0,1
1219,0.4545454545454546,1,0,0,1,4,5,1,1,2,0,2,2,2,4,1,1,2,2,1,1,0,0,2
1220,0.6363636363636364,1,0,1,1,2,2,0,1,0,0,1,1,0,0,0,1,1,0,1,1,1,0,2
1221,0.6363636363636364,1,0,1,1,4,1,1,1,0,1,0,0,0,0,1,1,1,2,2,2,0,0,2
1222,0.5227272727272727,0,1,0,1,3,0,1,1,0,2,0,2,1,2,1,1,2,2,2,2,2,0,2
1223,0.11363636363636365,1,0,0,0,1,2,0,1,0,0,1,1,0,2,0,1,1,1,1,0,2,1,1
1224,0.13636363636363635,1,0,1,1,4,5,0,1,2,2,1,2,0,2,0,1,1,0,1,0,2,1,1
1225,0.11363636363636365,0,0,0,1,3,2,0,1,1,2,2,1,0,0,1,1,2,1,1,0,0,0,1
1226,0.4772727272727273,1,0,0,0,0,5,0,0,2,1,2,0,0,2,0,0,0,1,1,1,2,0,2
1227,0.3181818181818182,0,0,1,0,1,5,0,1,2,2,0,2,2,0,0,1,1,1,1,1,0,0,2
1228,0.1590909090909091,1,0,1,1,4,2,0,1,0,2,1,1,0,2,2,1,1,1,1,0,0,0,1
1229,0.4772727272727273,1,0,0,0,0,4,1,1,1,0,1,1,2,0,2,1,0,0,1,1,0,0,2
1230,0.11363636363636365,0,0,1,1,4,4,0,1,1,2,1,2,2,4,1,1,2,2,0,0,2,0,1
1231,0.13636363636363635,1,1,0,1,4,4,1,1,1,0,1,1,0,0,0,0,1,1,1,0,0,1,1
1232,0.1590909090909091,1,0,1,1,4,5,0,0,2,2,2,2,2,4,1,1,2,2,2,2,2,0,1
1233,0.11363636363636365,1,0,0,1,3,4,0,1,1,2,1,1,0,0,1,1,2,2,1,0,0,0,1
1234,0.13636363636363635,2,0,0,1,4,4,0,0,0,0,1,0,0,0,2,0,0,0,1,0,0,0,1
1235,0.11363636363636365,1,0,0,1,2,2,0,1,2,2,2,0,0,0,0,1,2,1,1,1,0,0,1
1236,0.9090909090909092,1,0,0,1,2,5,1,1,0,0,2,0,0,2,0,0,1,0,1,0,0,0,2
1237,0.2272727272727273,1,0,0,0,4,2,0,1,1,2,1,1,2,0,2,0,0,0,1,1,1,1,1
1238,0.2272727272727273,1,0,1,1,2,5,0,0,2,2,2,2,2,2,2,0,1,2,1,1,1,1,1
1239,0.2727272727272727,1,0,0,0,4,3,0,1,0,0,1,1,0,0,0,1,2,2,0,2,0,0,1
1240,0.29545454545454547,1,0,1,1,4,1,0,1,0,0,1,1,2,2,1,1,1,0,1,1,0,0,2
1241,0.29545454545454547,1,1,0,1,2,4,1,1,1,0,1,1,0,2,0,1,1,0,1,1,0,0,2
1242,0.2272727272727273,1,0,0,1,3,2,0,1,0,0,1,0,0,0,0,1,0,0,1,0,0,0,1
1243,0.5681818181818182,0,0,1,1,3,5,1,1,2,2,1,2,0,0,1,1,1,2,1,1,0,0,2
1244,0.3181818181818182,0,0,0,0,0,5,0,0,1,0,1,0,0,0,0,1,1,2,1,2,1,0,2
1245,0.09090909090909091,1,0,1,1,2,1,0,0,2,2,2,2,2,0,0,0,0,2,1,0,0,1,1
1246,0.3181818181818182,1,0,0,0,1,1,0,1,2,1,0,2,0,2,1,1,0,1,0,2,0,0,2
1247,0.4090909090909091,1,0,0,1,2,4,0,1,1,0,1,1,1,3,2,1,1,0,1,0,0,1,2
1248,0.5227272727272727,0,0,1,1,4,2,0,1,2,0,1,0,0,0,2,0,0,0,1,1,0,0,2
1249,0.2727272727272727,1,0,1,1,4,2,0,1,2,2,0,1,2,4,1,1,2,2,0,0,2,0,1
1250,0.2727272727272727,1,1,1,1,2,2,0,1,2,1,2,2,0,0,1,1,1,2,0,0,2,0,1
1251,0.4090909090909091,1,0,1,1,2,1,0,0,1,2,1,1,0,2,1,1,1,2,1,2,2,0,2
1252,0.25,1,0,1,1,4,1,1,1,2,2,2,1,2,0,2,1,1,0,1,0,1,0,1
1253,0.4090909090909091,1,0,1,0,3,5,0,0,0,0,2,2,0,2,0,0,1,1,1,1,0,0,2
1254,0.18181818181818182,1,0,0,1,0,2,0,1,1,0,1,1,0,2,1,1,1,1,1,1,0,0,1
1255,0.3181818181818182,1,0,1,1,2,2,1,1,2,2,1,1,2,1,1,1,1,2,1,1,2,0,2
1256,0.36363636363636365,1,0,1,1,4,5,0,1,2,2,1,1,0,1,2,2,0,0,1,1,1,0,2
1257,0.6363636363636364,0,0,0,0,0,1,1,1,1,2,1,1,0,0,2,1,0,0,1,1,1,0,2
1258,0.1590909090909091,1,0,1,1,4,2,0,0,2,2,1,1,2,0,0,1,1,0,1,1,0,0,1
